132.232.40.201,IPv4,cobalt_strike
120.24.64.98,IPv4,cobalt_strike
172.98.192.94,IPv4,cobalt_strike
185.162.235.61,IPv4,cobalt_strike
178.162.199.36,IPv4,cobalt_strike
31.44.184.73,IPv4,cobalt_strike
185.162.235.35,IPv4,cobalt_strike
23.108.57.27,IPv4,cobalt_strike
217.194.132.41,IPv4,cobalt_strike
104.247.196.170,IPv4,cobalt_strike
78.128.113.14,IPv4,cobalt_strike
8.210.253.122,IPv4,cobalt_strike
206.166.251.75,IPv4,cobalt_strike
8.210.129.133,IPv4,cobalt_strike
45.77.249.181,IPv4,cobalt_strike
104.243.41.123,IPv4,cobalt_strike
157.230.243.171,IPv4,cobalt_strike
211.159.163.247,IPv4,cobalt_strike
123.58.211.116,IPv4,cobalt_strike
45.138.209.73,IPv4,cobalt_strike
139.155.2.101,IPv4,cobalt_strike
134.209.92.85,IPv4,cobalt_strike
31.44.184.181,IPv4,cobalt_strike
167.179.66.246,IPv4,cobalt_strike
62.171.142.145,IPv4,cobalt_strike
103.123.134.190,IPv4,cobalt_strike
106.55.153.204,IPv4,cobalt_strike
144.217.207.19,IPv4,cobalt_strike
31.44.184.82,IPv4,cobalt_strike
78.129.165.207,IPv4,cobalt_strike
104.243.33.7,IPv4,cobalt_strike
202.182.101.162,IPv4,cobalt_strike
106.75.21.33,IPv4,cobalt_strike
185.153.199.163,IPv4,cobalt_strike
185.189.151.107,IPv4,cobalt_strike
124.70.45.9,IPv4,cobalt_strike
45.135.135.132,IPv4,cobalt_strike
31.44.184.100,IPv4,cobalt_strike
172.82.148.202,IPv4,cobalt_strike
188.34.142.201,IPv4,cobalt_strike
31.44.184.84,IPv4,cobalt_strike
106.12.152.28,IPv4,cobalt_strike
106.54.95.19,IPv4,cobalt_strike
23.106.160.161,IPv4,cobalt_strike
45.32.199.204,IPv4,cobalt_strike
139.60.161.99,IPv4,cobalt_strike
108.166.207.133,IPv4,cobalt_strike
134.209.5.246,IPv4,cobalt_strike
104.238.205.44,IPv4,cobalt_strike
45.76.177.3,IPv4,cobalt_strike
193.112.10.125,IPv4,cobalt_strike
182.254.151.214,IPv4,cobalt_strike
113.31.118.7,IPv4,cobalt_strike
5.189.184.60,IPv4,cobalt_strike
134.209.117.238,IPv4,cobalt_strike
199.127.60.67,IPv4,cobalt_strike
98.142.139.152,IPv4,cobalt_strike
39.102.64.207,IPv4,cobalt_strike
39.99.181.72,IPv4,cobalt_strike
154.208.76.60,IPv4,cobalt_strike
155.138.164.216,IPv4,cobalt_strike
176.123.8.228,IPv4,cobalt_strike
217.194.132.16,IPv4,cobalt_strike
172.93.105.2,IPv4,cobalt_strike
172.98.192.91,IPv4,cobalt_strike
156.255.2.36,IPv4,cobalt_strike
115.159.143.241,IPv4,cobalt_strike
185.201.47.157,IPv4,cobalt_strike
103.150.8.146,IPv4,cobalt_strike
146.185.132.43,IPv4,cobalt_strike
120.131.5.115,IPv4,cobalt_strike
31.44.184.63,IPv4,cobalt_strike
69.49.229.88,IPv4,cobalt_strike
103.234.72.215,IPv4,cobalt_strike
121.196.156.183,IPv4,cobalt_strike
144.202.113.237,IPv4,cobalt_strike
108.62.12.186,IPv4,cobalt_strike
150.109.123.86,IPv4,cobalt_strike
185.153.199.168,IPv4,cobalt_strike
121.4.90.230,IPv4,cobalt_strike
31.44.184.232,IPv4,cobalt_strike
47.98.123.167,IPv4,cobalt_strike
101.200.49.219,IPv4,cobalt_strike
120.48.30.215,IPv4,cobalt_strike
144.34.198.241,IPv4,cobalt_strike
165.22.66.24,IPv4,cobalt_strike
78.128.112.134,IPv4,cobalt_strike
78.128.112.136,IPv4,cobalt_strike
104.168.219.79,IPv4,cobalt_strike
185.153.199.164,IPv4,cobalt_strike
104.243.46.74,IPv4,cobalt_strike
149.28.72.94,IPv4,cobalt_strike
182.92.103.213,IPv4,cobalt_strike
51.83.79.151,IPv4,cobalt_strike
213.202.211.246,IPv4,cobalt_strike
139.162.76.207,IPv4,cobalt_strike
86.107.197.243,IPv4,cobalt_strike
39.99.147.117,IPv4,cobalt_strike
216.250.248.88,IPv4,cobalt_strike
121.37.139.238,IPv4,cobalt_strike
167.179.100.12,IPv4,cobalt_strike
147.139.4.69,IPv4,cobalt_strike
157.230.176.13,IPv4,cobalt_strike
176.10.118.152,IPv4,cobalt_strike
8.129.24.62,IPv4,cobalt_strike
47.90.202.152,IPv4,cobalt_strike
185.191.34.225,IPv4,cobalt_strike
185.174.100.53,IPv4,cobalt_strike
139.180.198.152,IPv4,cobalt_strike
27.102.129.234,IPv4,cobalt_strike
coolerb.com,domain,cobalt_strike
update.webguardsecurity.xyz,hostname,cobalt_strike
rockwish.com,domain,cobalt_strike
msftrafficmanager.com,domain,cobalt_strike
rushwar.com,domain,cobalt_strike
sideget.com,domain,cobalt_strike
fixval.com,domain,cobalt_strike
selfspin.com,domain,cobalt_strike
sslfeed.com,domain,cobalt_strike
inkcars.com,domain,cobalt_strike
takehq.com,domain,cobalt_strike
gemsurf.com,domain,cobalt_strike
sarohn.com,domain,cobalt_strike
lodidy.com,domain,cobalt_strike
pilizz.com,domain,cobalt_strike
culunk.com,domain,cobalt_strike
smadst.com,domain,cobalt_strike
quaido.com,domain,cobalt_strike
87.120.8.67,IPv4,cobalt_strike
188127249101.live,domain,cobalt_strike
logon.securewindows.xyz,hostname,cobalt_strike
cdnsyndication.digital,domain,cobalt_strike
sowtwareweb.info,domain,cobalt_strike
masterdogg.com,domain,cobalt_strike
79.141.169.220,IPv4,cobalt_strike
96.45.180.42,IPv4,cobalt_strike
47.92.121.151,IPv4,cobalt_strike
rertai.com,domain,cobalt_strike
apoula.com,domain,cobalt_strike
salofu.com,domain,cobalt_strike
eochea.com,domain,cobalt_strike
carmache.com,domain,cobalt_strike
jquery-3-5-1-min-js.com,domain,cobalt_strike
tulls.net,domain,cobalt_strike
185.153.199.169,IPv4,cobalt_strike
fowatior.com,domain,cobalt_strike
retumele.com,domain,cobalt_strike
dorkedit.com,domain,cobalt_strike
faseye.com,domain,cobalt_strike
insamn.com,domain,cobalt_strike
218.253.251.100,IPv4,cobalt_strike
topolanger.best,domain,cobalt_strike
120.79.29.153,IPv4,cobalt_strike
45.32.63.194,IPv4,cobalt_strike
176.122.178.72,IPv4,cobalt_strike
167.71.141.53,IPv4,cobalt_strike
dasfg.xyz,domain,cobalt_strike
geamac.com,domain,cobalt_strike
mail.banitex.com,hostname,cobalt_strike
cleponditailthingerprofing.xyz,domain,cobalt_strike
onrick.com,domain,cobalt_strike
popecart.com,domain,cobalt_strike
news1010.net,domain,cobalt_strike
www.owaoffice365.com,hostname,cobalt_strike
777888yuy.xyz,domain,cobalt_strike
1nevadasports.com,domain,cobalt_strike
chaitin.xyz,domain,cobalt_strike
shop.pharmaembeded.com,hostname,cobalt_strike
5.252.179.44,IPv4,cobalt_strike
searchenginesometimes.xyz,domain,cobalt_strike
offsec.gifts,domain,cobalt_strike
www.sonicwall-vpn.com,hostname,cobalt_strike
8.210.125.63,IPv4,cobalt_strike
rewza.net,domain,cobalt_strike
luckysbusiness.com,domain,cobalt_strike
coincidencious.com,domain,cobalt_strike
mail.163qq.cf,hostname,cobalt_strike
systest.nl,domain,cobalt_strike
www.systest.nl,hostname,cobalt_strike
www.changehealthcareservices.com,hostname,cobalt_strike
jhfhj.ipq.co,hostname,cobalt_strike
keepalive.systest.nl,hostname,cobalt_strike
www.digitallightphotography.net,hostname,cobalt_strike
as.hashsystem.xyz,hostname,cobalt_strike
credit-services.us,domain,cobalt_strike
expoless.com,domain,cobalt_strike
oaelf.com,domain,cobalt_strike
trydept.com,domain,cobalt_strike
data-protection-testing.com,domain,cobalt_strike
dns12.org,domain,cobalt_strike
omg.surprisec2.com,hostname,cobalt_strike
findcola.com,domain,cobalt_strike
lajasinfoy.com,domain,cobalt_strike
cloud.sogoucloudupdate.com,hostname,cobalt_strike
portal.changehealthcareservices.com,hostname,cobalt_strike
www.esetupdate.ga,hostname,cobalt_strike
api.mysmilediscountdental.com,hostname,cobalt_strike
www.bookwsax.com,hostname,cobalt_strike
diskfx.com,domain,cobalt_strike
qw.hashsystem.xyz,hostname,cobalt_strike
test2.roman-indigo.com,hostname,cobalt_strike
lanser1.net,domain,cobalt_strike
wellser.org,domain,cobalt_strike
shopdsld-invoce.com,domain,cobalt_strike
www.gxjk119.cn.w.kunluncan.com,hostname,cobalt_strike
103.122.95.160,IPv4,cobalt_strike
101.200.157.33,IPv4,cobalt_strike
smzdata.com,domain,cobalt_strike
magnificerio.com,domain,cobalt_strike
update.microsoft-help-us.com,hostname,cobalt_strike
ad2003to.xyz,domain,cobalt_strike
rtrill.com,domain,cobalt_strike
128.199.139.24,IPv4,cobalt_strike
45.199.160.117,IPv4,cobalt_strike
47.98.34.152,IPv4,cobalt_strike
securityinstant.org,domain,cobalt_strike
setraphak.com,domain,cobalt_strike
rivoid.com,domain,cobalt_strike
akamaclouds.app,domain,cobalt_strike
dns-microsoft.com,domain,cobalt_strike
49.235.108.154,IPv4,cobalt_strike
47.113.192.46,IPv4,cobalt_strike
vanguard.medicaloptionsfinance.com,hostname,cobalt_strike
yerosify.com,domain,cobalt_strike
pebrord.com,domain,cobalt_strike
admitting.inspiredhealthservices.com,hostname,cobalt_strike
106.13.178.189,IPv4,cobalt_strike
206.189.121.65,IPv4,cobalt_strike
fastpic-domain.com,domain,cobalt_strike
156.236.114.72,IPv4,cobalt_strike
checkenginefinder.com,domain,cobalt_strike
edinburgh-map.co.uk,domain,cobalt_strike
jquery234.com,domain,cobalt_strike
122.112.241.119,IPv4,cobalt_strike
149.28.31.104,IPv4,cobalt_strike
59.63.224.101,IPv4,cobalt_strike
39.102.55.191,IPv4,cobalt_strike
116.62.160.115,IPv4,cobalt_strike
121.4.213.91,IPv4,cobalt_strike
presidentofschool14.com,domain,cobalt_strike
lesti.net,domain,cobalt_strike
monkeyfly.xyz,domain,cobalt_strike
106.52.236.88,IPv4,cobalt_strike
45.146.164.199,IPv4,cobalt_strike
152.89.247.139,IPv4,cobalt_strike
121.43.128.7,IPv4,cobalt_strike
47.100.62.21,IPv4,cobalt_strike
45.61.136.99,IPv4,cobalt_strike
45.76.219.26,IPv4,cobalt_strike
144.48.220.43,IPv4,cobalt_strike
microsovft.com,domain,cobalt_strike
berrn.net,domain,cobalt_strike
helle1.net,domain,cobalt_strike
greattxmsng-imgx.com,domain,cobalt_strike
remakeflowersimple.com,domain,cobalt_strike
citrixsecurityy.com,domain,cobalt_strike
blueteamm.com,domain,cobalt_strike
easylongbigduck.com,domain,cobalt_strike
gracktravel.com,domain,cobalt_strike
maren2.com,domain,cobalt_strike
78.128.112.137,IPv4,cobalt_strike
47.242.55.79,IPv4,cobalt_strike
198.211.13.82,IPv4,cobalt_strike
179.60.150.30,IPv4,cobalt_strike
grubbf.wikaba.com,hostname,cobalt_strike
banksystemsecurity.com,domain,cobalt_strike
cdn.usbankcreditcards.com,hostname,cobalt_strike
udpdeliveryddp.com,domain,cobalt_strike
js.news1010.net,hostname,cobalt_strike
81.70.229.78,IPv4,cobalt_strike
121.5.66.190,IPv4,cobalt_strike
45.83.140.231,IPv4,cobalt_strike
176.121.14.113,IPv4,cobalt_strike
5.180.96.189,IPv4,cobalt_strike
144.34.175.58,IPv4,cobalt_strike
185.153.199.161,IPv4,cobalt_strike
74.120.169.197,IPv4,cobalt_strike
45.112.206.18,IPv4,cobalt_strike
195.181.222.64,IPv4,cobalt_strike
drellio.com,domain,cobalt_strike
185.32.124.168,IPv4,cobalt_strike
45.77.12.223,IPv4,cobalt_strike
47.110.147.243,IPv4,cobalt_strike
47.111.163.10,IPv4,cobalt_strike
1.15.243.239,IPv4,cobalt_strike
78.47.145.46,IPv4,cobalt_strike
78.141.206.109,IPv4,cobalt_strike
fast885.xyz,domain,cobalt_strike
getlivemusicshop.com,domain,cobalt_strike
43.129.71.205,IPv4,cobalt_strike
45.146.165.142,IPv4,cobalt_strike
security-desk.com,domain,cobalt_strike
195.248.234.191,IPv4,cobalt_strike
192.3.248.194,IPv4,cobalt_strike
rebootengineleader.com,domain,cobalt_strike
deliverypdi.com,domain,cobalt_strike
74.121.148.47,IPv4,cobalt_strike
somtimesinterestinplace.com,domain,cobalt_strike
automaticservicelk.com,domain,cobalt_strike
healthcareclubdb.com,domain,cobalt_strike
bankofcountrysidegf.com,domain,cobalt_strike
tristare.com,domain,cobalt_strike
154.91.164.84,IPv4,cobalt_strike
fedmer.com,domain,cobalt_strike
fingerprintersleep.com,domain,cobalt_strike
moneybankoncityasd.com,domain,cobalt_strike
agreement-of-work.com,domain,cobalt_strike
106.54.69.144,IPv4,cobalt_strike
8.131.238.0,IPv4,cobalt_strike
139.224.164.192,IPv4,cobalt_strike
45.10.175.232,IPv4,cobalt_strike
104.194.11.160,IPv4,cobalt_strike
103.73.97.119,IPv4,cobalt_strike
209.222.98.45,IPv4,cobalt_strike
64.227.123.60,IPv4,cobalt_strike
98.142.143.100,IPv4,cobalt_strike
149.28.233.75,IPv4,cobalt_strike
82.156.197.177,IPv4,cobalt_strike
144.34.178.251,IPv4,cobalt_strike
39.98.157.4,IPv4,cobalt_strike
121.36.65.50,IPv4,cobalt_strike
115.29.171.175,IPv4,cobalt_strike
openoffice-city.com,domain,cobalt_strike
athena.francecentral.cloudapp.azure.com,hostname,cobalt_strike
vpn.1337g.com,hostname,cobalt_strike
ihealthspot.info,domain,cobalt_strike
saferem.com,domain,cobalt_strike
companynotifications.com,domain,cobalt_strike
siagevewilin.com,domain,cobalt_strike
mountanewaterflow.com,domain,cobalt_strike
azure-net.com,domain,cobalt_strike
searching-machine.com,domain,cobalt_strike
43.129.239.195,IPv4,cobalt_strike
45.32.94.109,IPv4,cobalt_strike
popitsingleplayerunknown.com,domain,cobalt_strike
121.4.232.192,IPv4,cobalt_strike
mstscr.com,domain,cobalt_strike
8.140.150.177,IPv4,cobalt_strike
198.23.153.220,IPv4,cobalt_strike
162.244.83.95,IPv4,cobalt_strike
lifeforpandas.com,domain,cobalt_strike
powerstationtck.com,domain,cobalt_strike
202.79.175.85,IPv4,cobalt_strike
49.234.94.85,IPv4,cobalt_strike
172.96.237.159,IPv4,cobalt_strike
173.82.238.10,IPv4,cobalt_strike
82.156.2.25,IPv4,cobalt_strike
139.180.188.227,IPv4,cobalt_strike
8.131.61.195,IPv4,cobalt_strike
47.108.144.162,IPv4,cobalt_strike
207.148.75.247,IPv4,cobalt_strike
49.232.29.240,IPv4,cobalt_strike
192.248.184.73,IPv4,cobalt_strike
47.98.164.231,IPv4,cobalt_strike
archives-firmwares.com,domain,cobalt_strike
ultradeliveryshop.com,domain,cobalt_strike
login.office247.tech,hostname,cobalt_strike
explorerconfigurate.com,domain,cobalt_strike
asismdnu.asisdns.space,hostname,cobalt_strike
samejd.com,domain,cobalt_strike
www.popitsingleplayerunknown.com,hostname,cobalt_strike
dasfipjefasd.xyz,domain,cobalt_strike
veeamdata.com,domain,cobalt_strike
ciscodev.org,domain,cobalt_strike
charity-wallet.com,domain,cobalt_strike
cs-1.ingtestlab.com,hostname,cobalt_strike
wa2ber.com,domain,cobalt_strike
lanstier.com,domain,cobalt_strike
fredojf.com,domain,cobalt_strike
www.cluodfeare.com,hostname,cobalt_strike
vdomain.serveblog.net,hostname,cobalt_strike
mail.powssxctaiwan.xyz,hostname,cobalt_strike
ww.fiash.online,hostname,cobalt_strike
antivirusupdaty.com,domain,cobalt_strike
gglservice.hopto.org,hostname,cobalt_strike
unitedhealthsystemc.com,domain,cobalt_strike
escanorc.com,domain,cobalt_strike
123.57.73.247,IPv4,cobalt_strike
47.115.121.87,IPv4,cobalt_strike
104.171.123.166,IPv4,cobalt_strike
198.148.101.215,IPv4,cobalt_strike
49.232.148.86,IPv4,cobalt_strike
45.133.194.11,IPv4,cobalt_strike
154.209.5.117,IPv4,cobalt_strike
47.108.184.159,IPv4,cobalt_strike
218.253.251.68,IPv4,cobalt_strike
149.28.151.37,IPv4,cobalt_strike
193.9.114.11,IPv4,cobalt_strike
179.60.150.27,IPv4,cobalt_strike
152.32.227.245,IPv4,cobalt_strike
173.82.240.104,IPv4,cobalt_strike
141.164.39.209,IPv4,cobalt_strike
94.232.43.11,IPv4,cobalt_strike
195.80.150.11,IPv4,cobalt_strike
180.76.183.215,IPv4,cobalt_strike
23.227.197.229,IPv4,cobalt_strike
wolrdmapedition.com,domain,cobalt_strike
117.51.143.137,IPv4,cobalt_strike
39.99.173.55,IPv4,cobalt_strike
5.8.18.112,IPv4,cobalt_strike
45.32.47.23,IPv4,cobalt_strike
104.238.165.146,IPv4,cobalt_strike
39.108.62.177,IPv4,cobalt_strike
23.82.140.215,IPv4,cobalt_strike
soalmd.com,domain,cobalt_strike
turiam.com,domain,cobalt_strike
188.166.213.201,IPv4,cobalt_strike
185.106.123.68,IPv4,cobalt_strike
88.214.26.44,IPv4,cobalt_strike
96.44.160.141,IPv4,cobalt_strike
113.31.126.45,IPv4,cobalt_strike
194.195.240.87,IPv4,cobalt_strike
104.168.151.59,IPv4,cobalt_strike
173.82.11.119,IPv4,cobalt_strike
155.94.138.16,IPv4,cobalt_strike
47.99.178.84,IPv4,cobalt_strike
142.4.123.192,IPv4,cobalt_strike
118.178.194.22,IPv4,cobalt_strike
159.203.102.73,IPv4,cobalt_strike
114.55.94.125,IPv4,cobalt_strike
95.169.10.212,IPv4,cobalt_strike
152.136.158.71,IPv4,cobalt_strike
159.75.116.18,IPv4,cobalt_strike
121.43.111.176,IPv4,cobalt_strike
1.117.86.121,IPv4,cobalt_strike
165.227.85.160,IPv4,cobalt_strike
198.13.42.161,IPv4,cobalt_strike
116.62.237.102,IPv4,cobalt_strike
cdnforest.com,domain,cobalt_strike
stat.cookieconsentpub.com,hostname,cobalt_strike
statetesting.org,domain,cobalt_strike
citygov.net,domain,cobalt_strike
94.156.189.174,IPv4,cobalt_strike
208.92.93.25,IPv4,cobalt_strike
82.156.110.137,IPv4,cobalt_strike
129.204.227.27,IPv4,cobalt_strike
156.255.2.197,IPv4,cobalt_strike
121.4.154.238,IPv4,cobalt_strike
112.126.60.177,IPv4,cobalt_strike
likonas.com,domain,cobalt_strike
91.245.255.33,IPv4,cobalt_strike
malware-lab.de,domain,cobalt_strike
onlineworkercz.com,domain,cobalt_strike
10085.space,domain,cobalt_strike
172.105.228.71,IPv4,cobalt_strike
www.fr268.com,hostname,cobalt_strike
www.ms-sp365.com,hostname,cobalt_strike
healthsystemofcs.com,domain,cobalt_strike
202.58.105.82,IPv4,cobalt_strike
43.129.251.5,IPv4,cobalt_strike
check.microsoftupdatecdn.ml,hostname,cobalt_strike
securityupdateav.com,domain,cobalt_strike
120.48.22.178,IPv4,cobalt_strike
47.94.2.250,IPv4,cobalt_strike
121.196.111.48,IPv4,cobalt_strike
47.102.117.86,IPv4,cobalt_strike
43.128.31.241,IPv4,cobalt_strike
121.4.20.253,IPv4,cobalt_strike
106.15.50.19,IPv4,cobalt_strike
78.128.112.204,IPv4,cobalt_strike
49.4.91.4,IPv4,cobalt_strike
47.100.59.47,IPv4,cobalt_strike
8.210.68.113,IPv4,cobalt_strike
107.155.48.58,IPv4,cobalt_strike
heronprojectzx.com,domain,cobalt_strike
143.198.121.99,IPv4,cobalt_strike
defenderupdateav.com,domain,cobalt_strike
45.227.255.187,IPv4,cobalt_strike
193.200.134.67,IPv4,cobalt_strike
aoispro.com,domain,cobalt_strike
www.windows-update.live,hostname,cobalt_strike
files-msupdate.com,domain,cobalt_strike
clientserviceengine.com,domain,cobalt_strike
116.62.138.140,IPv4,cobalt_strike
antivirusbitdefender.com,domain,cobalt_strike
starmyweb.com,domain,cobalt_strike
149.28.154.88,IPv4,cobalt_strike
1.15.67.48,IPv4,cobalt_strike
167.160.188.118,IPv4,cobalt_strike
157.230.53.139,IPv4,cobalt_strike
157.230.188.220,IPv4,cobalt_strike
175.24.31.79,IPv4,cobalt_strike
serviceofservers.com,domain,cobalt_strike
exchangeripplevx.com,domain,cobalt_strike
survey.unitedfcu.co,hostname,cobalt_strike
dns.cloudsecurity1.biz,hostname,cobalt_strike
worldextentions.com,domain,cobalt_strike
newserviceinc.com,domain,cobalt_strike
rellest.com,domain,cobalt_strike
uniteduserslive.com,domain,cobalt_strike
36.159.0.38,IPv4,cobalt_strike
106.15.203.68,IPv4,cobalt_strike
120.79.213.243,IPv4,cobalt_strike
136.144.248.32,IPv4,cobalt_strike
39.101.184.234,IPv4,cobalt_strike
106.52.131.175,IPv4,cobalt_strike
42.194.198.77,IPv4,cobalt_strike
31.44.184.74,IPv4,cobalt_strike
103.164.63.135,IPv4,cobalt_strike
176.113.115.202,IPv4,cobalt_strike
121.36.12.130,IPv4,cobalt_strike
167.99.197.196,IPv4,cobalt_strike
159.75.73.121,IPv4,cobalt_strike
140.82.33.69,IPv4,cobalt_strike
158.247.197.86,IPv4,cobalt_strike
47.105.123.109,IPv4,cobalt_strike
47.94.255.176,IPv4,cobalt_strike
121.5.115.200,IPv4,cobalt_strike
45.146.165.143,IPv4,cobalt_strike
202.79.175.89,IPv4,cobalt_strike
1.116.239.187,IPv4,cobalt_strike
82.156.14.169,IPv4,cobalt_strike
59.110.243.48,IPv4,cobalt_strike
8.142.46.13,IPv4,cobalt_strike
160.124.156.88,IPv4,cobalt_strike
oraclevmmachine.com,domain,cobalt_strike
66.42.110.158,IPv4,cobalt_strike
live.livechatsop.com,hostname,cobalt_strike
update.telegramp.cf,hostname,cobalt_strike
www.zefdgsg.tk,hostname,cobalt_strike
windowsupdatesc.com,domain,cobalt_strike
chninmobtw.xyz,domain,cobalt_strike
www.xjhiaoiauo.xyz,hostname,cobalt_strike
www.msfthelpdesk.com,hostname,cobalt_strike
juletta.in,domain,cobalt_strike
krinsop.com,domain,cobalt_strike
180.215.23.240,IPv4,cobalt_strike
45.156.24.235,IPv4,cobalt_strike
api.canada-gov.ca,hostname,cobalt_strike
ns1.perf-cloud.com,hostname,cobalt_strike
images.ivirda.com,hostname,cobalt_strike
perf-cloud.com,domain,cobalt_strike
141.164.50.205,IPv4,cobalt_strike
www.snowhydro.com.au,hostname,cobalt_strike
down.localhost-microsoft.com,hostname,cobalt_strike
121.5.36.45,IPv4,cobalt_strike
202.182.109.1,IPv4,cobalt_strike
82.156.215.69,IPv4,cobalt_strike
172.104.67.144,IPv4,cobalt_strike
1.117.155.217,IPv4,cobalt_strike
xthik.com,domain,cobalt_strike
evilmarketingcompany.com,domain,cobalt_strike
23.94.4.62,IPv4,cobalt_strike
104.140.100.36,IPv4,cobalt_strike
vmware.center,domain,cobalt_strike
www.evilmarketingcompany.com,hostname,cobalt_strike
xiaok.feonix.top,hostname,cobalt_strike
c1.windowsupdates.me,hostname,cobalt_strike
statislog.com,domain,cobalt_strike
asdstatistic.com,domain,cobalt_strike
alfanalytic.com,domain,cobalt_strike
mstlst.com,domain,cobalt_strike
139.162.30.193,IPv4,cobalt_strike
121.41.216.139,IPv4,cobalt_strike
cs.theldf.xyz,hostname,cobalt_strike
forteupdate.com,domain,cobalt_strike
cs.flash-up.info,hostname,cobalt_strike
remote.claycityhealthcare.com,hostname,cobalt_strike
www.windowsshop.cc,hostname,cobalt_strike
cannstattraction.com,domain,cobalt_strike
www.imqc.tk,hostname,cobalt_strike
dlinknetwork.com,domain,cobalt_strike
eduhk.studiteroom.email,hostname,cobalt_strike
akamaistats.com,domain,cobalt_strike
syd.adshrink.net,hostname,cobalt_strike
www.wikiknownsec.tk,hostname,cobalt_strike
sso.africell.ml,hostname,cobalt_strike
cs.haopinwei.shop,hostname,cobalt_strike
cdn.sogou-update.com,hostname,cobalt_strike
pool.laughingmoonmusic.com,hostname,cobalt_strike
vm462442.eurodir.ru,hostname,cobalt_strike
ropesecuritybusiness.com,domain,cobalt_strike
review.corporateupdate.online,hostname,cobalt_strike
scon.netdigisv.com,hostname,cobalt_strike
www.iphostresolved.com,hostname,cobalt_strike
151.ip-51-83-79.eu,hostname,cobalt_strike
cdnmetrics.net,domain,cobalt_strike
rusoti.com,domain,cobalt_strike
winlive360.art,domain,cobalt_strike
hars2t.com,domain,cobalt_strike
a.officecalendar.biz,hostname,cobalt_strike
frite22.com,domain,cobalt_strike
didi.windows-hosts.com,hostname,cobalt_strike
va1sen.com,domain,cobalt_strike
www.0x00e.com,hostname,cobalt_strike
opashif.com,domain,cobalt_strike
www.windowsdoors.me,hostname,cobalt_strike
bideluw.com,domain,cobalt_strike
feusa.net,domain,cobalt_strike
treres.com,domain,cobalt_strike
fut1.net,domain,cobalt_strike
update04.microsoft-essentials.com,hostname,cobalt_strike
register.hr-tencent.com,hostname,cobalt_strike
81.71.122.129,IPv4,cobalt_strike
49.232.10.222,IPv4,cobalt_strike
190.114.254.116,IPv4,cobalt_strike
182.92.5.133,IPv4,cobalt_strike
47.242.34.157,IPv4,cobalt_strike
128.199.159.10,IPv4,cobalt_strike
23.224.152.141,IPv4,cobalt_strike
172.93.201.252,IPv4,cobalt_strike
206.189.185.116,IPv4,cobalt_strike
128.199.0.91,IPv4,cobalt_strike
185.82.216.250,IPv4,cobalt_strike
139.60.161.165,IPv4,cobalt_strike
185.180.197.86,IPv4,cobalt_strike
81.68.232.220,IPv4,cobalt_strike
195.133.5.9,IPv4,cobalt_strike
185.251.45.66,IPv4,cobalt_strike
23.106.121.21,IPv4,cobalt_strike
74.118.138.209,IPv4,cobalt_strike
47.104.156.242,IPv4,cobalt_strike
23.83.133.29,IPv4,cobalt_strike
66.42.72.250,IPv4,cobalt_strike
101.37.173.189,IPv4,cobalt_strike
104.194.8.164,IPv4,cobalt_strike
173.234.155.82,IPv4,cobalt_strike
47.98.213.120,IPv4,cobalt_strike
108.62.141.155,IPv4,cobalt_strike
47.56.209.70,IPv4,cobalt_strike
138.197.180.177,IPv4,cobalt_strike
45.146.165.141,IPv4,cobalt_strike
43.228.125.123,IPv4,cobalt_strike
104.194.232.244,IPv4,cobalt_strike
121.40.234.72,IPv4,cobalt_strike
45.147.231.12,IPv4,cobalt_strike
23.106.160.78,IPv4,cobalt_strike
104.193.252.197,IPv4,cobalt_strike
148.72.209.102,IPv4,cobalt_strike
154.209.75.62,IPv4,cobalt_strike
62.234.130.153,IPv4,cobalt_strike
113.52.144.65,IPv4,cobalt_strike
45.32.108.235,IPv4,cobalt_strike
154.202.59.50,IPv4,cobalt_strike
47.243.22.29,IPv4,cobalt_strike
186.202.57.168,IPv4,cobalt_strike
136.244.81.195,IPv4,cobalt_strike
67.205.136.246,IPv4,cobalt_strike
81.70.213.71,IPv4,cobalt_strike
121.40.151.27,IPv4,cobalt_strike
47.104.253.89,IPv4,cobalt_strike
170.178.200.119,IPv4,cobalt_strike
103.20.61.143,IPv4,cobalt_strike
156.251.172.124,IPv4,cobalt_strike
155.138.206.57,IPv4,cobalt_strike
103.117.100.39,IPv4,cobalt_strike
172.82.179.58,IPv4,cobalt_strike
74.118.138.246,IPv4,cobalt_strike
47.93.253.167,IPv4,cobalt_strike
104.131.30.201,IPv4,cobalt_strike
45.32.12.139,IPv4,cobalt_strike
104.194.9.228,IPv4,cobalt_strike
158.247.199.220,IPv4,cobalt_strike
207.148.82.149,IPv4,cobalt_strike
139.198.169.45,IPv4,cobalt_strike
152.32.228.19,IPv4,cobalt_strike
202.79.175.87,IPv4,cobalt_strike
106.15.197.67,IPv4,cobalt_strike
74.120.172.129,IPv4,cobalt_strike
39.107.246.25,IPv4,cobalt_strike
68.183.180.196,IPv4,cobalt_strike
37.252.120.101,IPv4,cobalt_strike
139.60.161.77,IPv4,cobalt_strike
139.155.4.82,IPv4,cobalt_strike
23.83.133.226,IPv4,cobalt_strike
23.224.152.142,IPv4,cobalt_strike
209.222.98.111,IPv4,cobalt_strike
104.194.10.3,IPv4,cobalt_strike
31.210.20.136,IPv4,cobalt_strike
121.4.23.101,IPv4,cobalt_strike
155.138.230.65,IPv4,cobalt_strike
3.8.85.184,IPv4,cobalt_strike
3.238.248.76,IPv4,cobalt_strike
52.28.253.50,IPv4,cobalt_strike
99.79.101.225,IPv4,cobalt_strike
18.163.120.26,IPv4,cobalt_strike
52.211.114.168,IPv4,cobalt_strike
54.74.8.204,IPv4,cobalt_strike
45.40.235.223,IPv4,cobalt_strike
18.180.45.136,IPv4,cobalt_strike
18.162.200.0,IPv4,cobalt_strike
111.231.97.251,IPv4,cobalt_strike
52.59.168.192,IPv4,cobalt_strike
139.155.190.222,IPv4,cobalt_strike
3.250.72.115,IPv4,cobalt_strike
34.80.206.100,IPv4,cobalt_strike
81.71.77.164,IPv4,cobalt_strike
140.143.115.153,IPv4,cobalt_strike
63.32.110.179,IPv4,cobalt_strike
3.65.21.83,IPv4,cobalt_strike
3.135.189.104,IPv4,cobalt_strike
18.191.173.77,IPv4,cobalt_strike
100.26.20.202,IPv4,cobalt_strike
54.214.197.200,IPv4,cobalt_strike
18.193.77.75,IPv4,cobalt_strike
106.54.143.157,IPv4,cobalt_strike
35.158.226.16,IPv4,cobalt_strike
3.8.196.204,IPv4,cobalt_strike
35.176.207.20,IPv4,cobalt_strike
34.222.221.84,IPv4,cobalt_strike
43.254.218.134,IPv4,cobalt_strike
217.12.218.95,IPv4,cobalt_strike
46.17.40.50,IPv4,cobalt_strike
139.198.171.177,IPv4,cobalt_strike
161.35.218.255,IPv4,cobalt_strike
displaychecks.com,domain,cobalt_strike
canadianbondmarket.com,domain,cobalt_strike
vizosi.com,domain,cobalt_strike
lh1.lhsrvrs.net,hostname,cobalt_strike
movufa.com,domain,cobalt_strike
pigaji.com,domain,cobalt_strike
lh3.lhsrvrs.net,hostname,cobalt_strike
dunncenter.org,domain,cobalt_strike
ulrichjok.com,domain,cobalt_strike
raniyev.com,domain,cobalt_strike
traffsyndication.com,domain,cobalt_strike
dev.riachuleo.com.br,hostname,cobalt_strike
nemupim.com,domain,cobalt_strike
sulezo.com,domain,cobalt_strike
brosift.com,domain,cobalt_strike
lh2.lhsrvrs.net,hostname,cobalt_strike
185.244.150.52,IPv4,cobalt_strike
searchingengineinc.com,domain,cobalt_strike
121.40.242.232,IPv4,cobalt_strike
jomihd.com,domain,cobalt_strike
anonimdomainsls.com,domain,cobalt_strike
hoeidia.com,domain,cobalt_strike
106.12.91.176,IPv4,cobalt_strike
185.203.118.65,IPv4,cobalt_strike
er1.g0v.org.cn,hostname,cobalt_strike
clampuncture.com,domain,cobalt_strike
33e6dda.xyz,domain,cobalt_strike
er2.g0v.org.cn,hostname,cobalt_strike
akametrics.com,domain,cobalt_strike
conferenceguide.online,domain,cobalt_strike
konyxenergies.icu,domain,cobalt_strike
7861f5b56aa4.xyz,domain,cobalt_strike
134.122.25.1,IPv4,cobalt_strike
worldpublicpress.com,domain,cobalt_strike
entirelysecuritybusiness.com,domain,cobalt_strike
strandedspirits.com,domain,cobalt_strike
servers.indiabullamc.com,hostname,cobalt_strike
chromeupdategooglle.com,domain,cobalt_strike
maloxob.com,domain,cobalt_strike
tql-info.com,domain,cobalt_strike
xudivum.com,domain,cobalt_strike
xivuli.com,domain,cobalt_strike
124.71.24.113,IPv4,cobalt_strike
185.106.123.102,IPv4,cobalt_strike
34e6dda.xyz,domain,cobalt_strike
arctiusa.com,domain,cobalt_strike
cs.dnslog.email,hostname,cobalt_strike
amazoncloud.longmusic.com,hostname,cobalt_strike
sammitng.com,domain,cobalt_strike
login.microsotfonline.us,hostname,cobalt_strike
topazmer.com,domain,cobalt_strike
49.232.13.177,IPv4,cobalt_strike
193.109.69.2,IPv4,cobalt_strike
103.115.67.168,IPv4,cobalt_strike
118.194.237.89,IPv4,cobalt_strike
39.100.127.173,IPv4,cobalt_strike
45.76.206.52,IPv4,cobalt_strike
1.117.154.185,IPv4,cobalt_strike
194.36.191.27,IPv4,cobalt_strike
129.28.201.96,IPv4,cobalt_strike
185.215.113.213,IPv4,cobalt_strike
82.117.252.209,IPv4,cobalt_strike
195.133.52.232,IPv4,cobalt_strike
47.243.31.97,IPv4,cobalt_strike
143.110.234.242,IPv4,cobalt_strike
1.117.29.101,IPv4,cobalt_strike
45.77.20.14,IPv4,cobalt_strike
101.132.195.91,IPv4,cobalt_strike
43.225.31.189,IPv4,cobalt_strike
192.51.188.133,IPv4,cobalt_strike
72.44.68.174,IPv4,cobalt_strike
121.5.246.9,IPv4,cobalt_strike
88.119.174.125,IPv4,cobalt_strike
195.3.146.181,IPv4,cobalt_strike
139.198.174.135,IPv4,cobalt_strike
106.15.239.44,IPv4,cobalt_strike
47.98.244.206,IPv4,cobalt_strike
49.235.206.130,IPv4,cobalt_strike
8.210.84.140,IPv4,cobalt_strike
116.255.164.228,IPv4,cobalt_strike
207.246.112.192,IPv4,cobalt_strike
185.239.226.133,IPv4,cobalt_strike
138.201.209.226,IPv4,cobalt_strike
116.62.198.13,IPv4,cobalt_strike
120.79.115.90,IPv4,cobalt_strike
182.254.198.253,IPv4,cobalt_strike
179.60.150.29,IPv4,cobalt_strike
146.6.15.12,IPv4,cobalt_strike
infosecuritybusiness.com,domain,cobalt_strike
clients-amazonworkspaces.com,domain,cobalt_strike
raresecuritybusiness.com,domain,cobalt_strike
safeconnections.xyz,domain,cobalt_strike
securitybusinessgrey.com,domain,cobalt_strike
livedsecuritybusiness.com,domain,cobalt_strike
c.virscan.xyz,hostname,cobalt_strike
jude.saintjameschurch.org,hostname,cobalt_strike
banweb.cityu.dev,hostname,cobalt_strike
download.google-images.ml,hostname,cobalt_strike
beast.cyberstonesecurity.com,hostname,cobalt_strike
securitybusinessrank.com,domain,cobalt_strike
securitybusinessmean.com,domain,cobalt_strike
janesecuritybusiness.com,domain,cobalt_strike
onlinestudy.thgilnoisullisid.xyz,hostname,cobalt_strike
cs2.safebug.top,hostname,cobalt_strike
ip108.ip-137-74-246.eu,hostname,cobalt_strike
www.googlet.ml,hostname,cobalt_strike
ncvtnb.crycat.cn,hostname,cobalt_strike
vpn.tccmetals.com,hostname,cobalt_strike
www.365office.tk,hostname,cobalt_strike
ads.gellpac.com,hostname,cobalt_strike
bodywriter.net,domain,cobalt_strike
dssadas.dakcloud.com,hostname,cobalt_strike
fluentauto.com,domain,cobalt_strike
dashsecuritybusiness.com,domain,cobalt_strike
winsecuritybusiness.com,domain,cobalt_strike
dev.burdine-health.com,hostname,cobalt_strike
114.117.208.156,IPv4,cobalt_strike
zizodream.com,domain,cobalt_strike
fuck.crycat.cn,hostname,cobalt_strike
cymkpuadkduz.xyz,domain,cobalt_strike
dapapev.com,domain,cobalt_strike
158.247.213.245,IPv4,cobalt_strike
5.61.54.110,IPv4,cobalt_strike
8.130.173.206,IPv4,cobalt_strike
47.242.180.144,IPv4,cobalt_strike
203.23.128.143,IPv4,cobalt_strike
139.198.181.156,IPv4,cobalt_strike
45.77.37.68,IPv4,cobalt_strike
64.69.57.87,IPv4,cobalt_strike
66.29.130.17,IPv4,cobalt_strike
till1.net,domain,cobalt_strike
wezaju.com,domain,cobalt_strike
y2sb.marid.tk,hostname,cobalt_strike
onlinesneaker.net,domain,cobalt_strike
204.44.88.34,IPv4,cobalt_strike
download.microsoft-updated.com,hostname,cobalt_strike
136.244.113.93,IPv4,cobalt_strike
92.222.234.227,IPv4,cobalt_strike
groupbzs.com,domain,cobalt_strike
212.64.84.55,IPv4,cobalt_strike
soltya.com,domain,cobalt_strike
185.25.49.103,IPv4,cobalt_strike
158.247.214.175,IPv4,cobalt_strike
hakenu.com,domain,cobalt_strike
107.148.133.170,IPv4,cobalt_strike
185.141.24.116,IPv4,cobalt_strike
amusient.com,domain,cobalt_strike
160.72.78.13,IPv4,cobalt_strike
107.148.133.169,IPv4,cobalt_strike
167.179.64.7,IPv4,cobalt_strike
149.28.88.135,IPv4,cobalt_strike
81.69.202.34,IPv4,cobalt_strike
franktomaz.com,domain,cobalt_strike
fivefkl.com,domain,cobalt_strike
beff1.com,domain,cobalt_strike
onembr.com,domain,cobalt_strike
banksgmb.com,domain,cobalt_strike
1.116.96.210,IPv4,cobalt_strike
108.166.223.199,IPv4,cobalt_strike
42.193.107.54,IPv4,cobalt_strike
47.119.138.1,IPv4,cobalt_strike
121.37.163.140,IPv4,cobalt_strike
81.68.111.192,IPv4,cobalt_strike
103.27.186.249,IPv4,cobalt_strike
zokotej.com,domain,cobalt_strike
hubojo.com,domain,cobalt_strike
rinutov.com,domain,cobalt_strike
kizuho.com,domain,cobalt_strike
sidfrom.com,domain,cobalt_strike
derotin.com,domain,cobalt_strike
gmbfrom.com,domain,cobalt_strike
jecubat.com,domain,cobalt_strike
gohaduw.com,domain,cobalt_strike
endpointapis.com,domain,cobalt_strike
42.193.221.223,IPv4,cobalt_strike
121.4.116.90,IPv4,cobalt_strike
eurogeneric365.net,domain,cobalt_strike
cdnsurf.com,domain,cobalt_strike
payufe.com,domain,cobalt_strike
www-flashplayer.ml,domain,cobalt_strike
azurops.com,domain,cobalt_strike
msdn.micorsofts.org,hostname,cobalt_strike
rce.accountrecovery.co.uk,hostname,cobalt_strike
198.52.107.210,IPv4,cobalt_strike
81.70.247.249,IPv4,cobalt_strike
macrodown.com,domain,cobalt_strike
securesoftme.com,domain,cobalt_strike
gojihu.com,domain,cobalt_strike
yuxicu.com,domain,cobalt_strike
rivuha.com,domain,cobalt_strike
47.243.56.186,IPv4,cobalt_strike
47.106.88.225,IPv4,cobalt_strike
47.119.131.41,IPv4,cobalt_strike
114.67.113.45,IPv4,cobalt_strike
test-google.host,domain,cobalt_strike
minicombosoft.com,domain,cobalt_strike
lightingalebolt.com,domain,cobalt_strike
govahuk.com,domain,cobalt_strike
keholus.com,domain,cobalt_strike
185.236.78.255,IPv4,cobalt_strike
149.28.145.8,IPv4,cobalt_strike
buttonrich.com,domain,cobalt_strike
www.amusient.com,hostname,cobalt_strike
178.32.126.47,IPv4,cobalt_strike
47.102.218.219,IPv4,cobalt_strike
121.4.94.60,IPv4,cobalt_strike
185.239.225.11,IPv4,cobalt_strike
82.156.241.148,IPv4,cobalt_strike
106.75.2.169,IPv4,cobalt_strike
5.188.4.226,IPv4,cobalt_strike
45.76.104.125,IPv4,cobalt_strike
103.123.134.106,IPv4,cobalt_strike
45.88.107.40,IPv4,cobalt_strike
45.63.53.102,IPv4,cobalt_strike
104.194.78.39,IPv4,cobalt_strike
143.244.160.172,IPv4,cobalt_strike
5.188.34.47,IPv4,cobalt_strike
159.75.86.36,IPv4,cobalt_strike
23.106.215.61,IPv4,cobalt_strike
37.1.208.153,IPv4,cobalt_strike
106.12.85.54,IPv4,cobalt_strike
185.14.30.227,IPv4,cobalt_strike
47.242.250.250,IPv4,cobalt_strike
216.128.177.96,IPv4,cobalt_strike
119.3.141.162,IPv4,cobalt_strike
www.test-google.host,hostname,cobalt_strike
wo.jusanrihua.com,hostname,cobalt_strike
test.360web.info,hostname,cobalt_strike
advmicrodevice.com,domain,cobalt_strike
i.appnexus-free.com,hostname,cobalt_strike
microsoft.softsecur.com,hostname,cobalt_strike
microgbm.com,domain,cobalt_strike
syncgoogle.site,domain,cobalt_strike
www.weixinapidev.com,hostname,cobalt_strike
madesecuritybusiness.com,domain,cobalt_strike
stg.pesrado.com,hostname,cobalt_strike
139.9.244.218,IPv4,cobalt_strike
172.247.76.44,IPv4,cobalt_strike
114.117.208.80,IPv4,cobalt_strike
45.76.205.1,IPv4,cobalt_strike
en6766.com,domain,cobalt_strike
analyitics.art,domain,cobalt_strike
cache1234.com,domain,cobalt_strike
document-storage.org,domain,cobalt_strike
hackercomein.tk,domain,cobalt_strike
157.245.130.119,IPv4,cobalt_strike
45.32.113.213,IPv4,cobalt_strike
194.147.84.150,IPv4,cobalt_strike
193.242.211.150,IPv4,cobalt_strike
119.3.238.109,IPv4,cobalt_strike
47.100.220.31,IPv4,cobalt_strike
81.70.144.120,IPv4,cobalt_strike
akamai-booster.com,domain,cobalt_strike
wodaerp.com,domain,cobalt_strike
fitt1.net,domain,cobalt_strike
49.234.81.168,IPv4,cobalt_strike
87.251.71.119,IPv4,cobalt_strike
185.244.150.57,IPv4,cobalt_strike
rolemd.com,domain,cobalt_strike
monthypyton.com,domain,cobalt_strike
jinoso.com,domain,cobalt_strike
buloxo.com,domain,cobalt_strike
rasokuc.com,domain,cobalt_strike
hesovaw.com,domain,cobalt_strike
192.74.254.34,IPv4,cobalt_strike
107.150.6.4,IPv4,cobalt_strike
156.233.247.113,IPv4,cobalt_strike
refebi.com,domain,cobalt_strike
standartrocks.com,domain,cobalt_strike
www.securesoftme.com,hostname,cobalt_strike
dihata.com,domain,cobalt_strike
softzbh.com,domain,cobalt_strike
officeupdateservice.com,domain,cobalt_strike
205.185.123.78,IPv4,cobalt_strike
209.141.54.71,IPv4,cobalt_strike
209.141.53.114,IPv4,cobalt_strike
205.185.116.13,IPv4,cobalt_strike
205.185.125.246,IPv4,cobalt_strike
209.141.58.42,IPv4,cobalt_strike
eserv-tech.com,domain,cobalt_strike
businesspark4lt.com,domain,cobalt_strike
43.129.7.189,IPv4,cobalt_strike
softnewspaper.com,domain,cobalt_strike
barovur.com,domain,cobalt_strike
baitexit.com,domain,cobalt_strike
108.177.235.117,IPv4,cobalt_strike
gihevu.com,domain,cobalt_strike
pe1.pesrvrs.com,hostname,cobalt_strike
securitymozes.com,domain,cobalt_strike
365office.tk,domain,cobalt_strike
pe2.pesrvrs.com,hostname,cobalt_strike
fondfbr.com,domain,cobalt_strike
usanewsalabama.com,domain,cobalt_strike
santeassurance.fr,domain,cobalt_strike
pe3.pesrvrs.com,hostname,cobalt_strike
client.santeassurance.fr,hostname,cobalt_strike
postformt.com,domain,cobalt_strike
winrarupdatescr.com,domain,cobalt_strike
mantosombra.com,domain,cobalt_strike
45.145.6.5,IPv4,cobalt_strike
5.188.87.2,IPv4,cobalt_strike
139.155.172.147,IPv4,cobalt_strike
49.72.46.23,IPv4,cobalt_strike
intel-fintech.com,domain,cobalt_strike
yeyidun.com,domain,cobalt_strike
121.199.38.116,IPv4,cobalt_strike
192.227.193.115,IPv4,cobalt_strike
45.76.184.33,IPv4,cobalt_strike
47.106.135.101,IPv4,cobalt_strike
106.52.85.122,IPv4,cobalt_strike
39.105.127.104,IPv4,cobalt_strike
82.156.199.36,IPv4,cobalt_strike
207.148.68.69,IPv4,cobalt_strike
217.12.200.153,IPv4,cobalt_strike
8.212.26.177,IPv4,cobalt_strike
152.32.216.13,IPv4,cobalt_strike
106.13.185.55,IPv4,cobalt_strike
119.29.39.217,IPv4,cobalt_strike
121.4.79.177,IPv4,cobalt_strike
64.225.25.110,IPv4,cobalt_strike
195.133.8.209,IPv4,cobalt_strike
155.138.225.191,IPv4,cobalt_strike
23.92.222.170,IPv4,cobalt_strike
bank-banks.com,domain,cobalt_strike
www.hellomrsone.com,hostname,cobalt_strike
lifehacksideas.com,domain,cobalt_strike
iorgcloud.cf,domain,cobalt_strike
hakakor.com,domain,cobalt_strike
microsoftupdateapp.com,domain,cobalt_strike
evergreenhealthnet.org,domain,cobalt_strike
intunedevice.net.au,domain,cobalt_strike
www.msclientweb.com,hostname,cobalt_strike
update.jean911nie.com,hostname,cobalt_strike
restriccted.com,domain,cobalt_strike
update.mircro.space,hostname,cobalt_strike
l2seven.com,domain,cobalt_strike
zuveye.com,domain,cobalt_strike
c2.windowsupdates.me,hostname,cobalt_strike
www.edge-chrome.com,hostname,cobalt_strike
zojuya.com,domain,cobalt_strike
wolfe22.com,domain,cobalt_strike
rtascloud.ml,domain,cobalt_strike
difusoft.com,domain,cobalt_strike
www.wechoti.com,hostname,cobalt_strike
www.protonmedia.xyz,hostname,cobalt_strike
zeheza.com,domain,cobalt_strike
support.updatebugsoft.store,hostname,cobalt_strike
fee.mozilla-firfox.com,hostname,cobalt_strike
hihi.reddersec.net,hostname,cobalt_strike
api.signalr-azure.net,hostname,cobalt_strike
test.googleapi.space,hostname,cobalt_strike
microgoogle.ml,domain,cobalt_strike
outdoortravelequipment.com,domain,cobalt_strike
ej3.info-assurance.cc,hostname,cobalt_strike
hufamal.com,domain,cobalt_strike
cart.corporateupdate.online,hostname,cobalt_strike
goxipe.com,domain,cobalt_strike
www.conferenceguide.online,hostname,cobalt_strike
grendftz.com,domain,cobalt_strike
www.1hao.xyz,hostname,cobalt_strike
windowscerts.tk,domain,cobalt_strike
fideclouds.cf,domain,cobalt_strike
tailgatethenation.com,domain,cobalt_strike
azurecloud.dynssl.com,hostname,cobalt_strike
portal.google-accounts.be,hostname,cobalt_strike
www.ndsd.codes,hostname,cobalt_strike
lb23311.cityu.dev,hostname,cobalt_strike
k2-pr.net,domain,cobalt_strike
wiwege.com,domain,cobalt_strike
csma.cf,domain,cobalt_strike
shop.redlist.cyou,hostname,cobalt_strike
www.googlet.cf,hostname,cobalt_strike
tscf.3322.org,hostname,cobalt_strike
fubukipr.xyz,domain,cobalt_strike
www.cyberevilcorp.tk,hostname,cobalt_strike
zipflag.com,domain,cobalt_strike
s3.sservers.org,hostname,cobalt_strike
xlidhthk.corecloud.asia,hostname,cobalt_strike
allforcsw.tech,domain,cobalt_strike
lozobo.com,domain,cobalt_strike
static.nylonprod.com,hostname,cobalt_strike
bucudiy.com,domain,cobalt_strike
hireja.com,domain,cobalt_strike
sidevot.com,domain,cobalt_strike
info.javainfo.xyz,hostname,cobalt_strike
hk.studiteroom.email,hostname,cobalt_strike
health-safety.care,domain,cobalt_strike
bug.yi567.xyz,hostname,cobalt_strike
sheopaz.com,domain,cobalt_strike
update.newsweatherspot.com,hostname,cobalt_strike
taobao.alibaba-cn.ga,hostname,cobalt_strike
209.250.240.40,IPv4,cobalt_strike
cuyuzah.com,domain,cobalt_strike
waceko.com,domain,cobalt_strike
roxiya.com,domain,cobalt_strike
buy9182.com,domain,cobalt_strike
sexefo.com,domain,cobalt_strike
yawero.com,domain,cobalt_strike
104.194.9.51,IPv4,cobalt_strike
31.14.40.172,IPv4,cobalt_strike
121.36.165.78,IPv4,cobalt_strike
45.138.172.37,IPv4,cobalt_strike
asafesite.net,domain,cobalt_strike
tamunar.com,domain,cobalt_strike
hejalij.com,domain,cobalt_strike
trialgmail.space,domain,cobalt_strike
api.onedriev.tk,hostname,cobalt_strike
yiyuro.com,domain,cobalt_strike
zkhvolg.com,domain,cobalt_strike
81.69.10.50,IPv4,cobalt_strike
172.81.206.175,IPv4,cobalt_strike
51.254.31.8,IPv4,cobalt_strike
45.32.35.206,IPv4,cobalt_strike
kaslose.com,domain,cobalt_strike
sharpfoz.com,domain,cobalt_strike
45.43.54.87,IPv4,cobalt_strike
8.131.118.10,IPv4,cobalt_strike
43.225.30.86,IPv4,cobalt_strike
31.14.40.27,IPv4,cobalt_strike
121.5.159.31,IPv4,cobalt_strike
37.1.209.199,IPv4,cobalt_strike
39.107.32.219,IPv4,cobalt_strike
185.145.148.109,IPv4,cobalt_strike
138.197.39.59,IPv4,cobalt_strike
137.74.75.93,IPv4,cobalt_strike
176.121.14.112,IPv4,cobalt_strike
139.59.1.15,IPv4,cobalt_strike
198.211.41.207,IPv4,cobalt_strike
178.159.37.107,IPv4,cobalt_strike
91.245.255.34,IPv4,cobalt_strike
101.34.253.147,IPv4,cobalt_strike
160.116.58.149,IPv4,cobalt_strike
160.116.58.157,IPv4,cobalt_strike
121.5.112.123,IPv4,cobalt_strike
dijclo.com,domain,cobalt_strike
rexagi.com,domain,cobalt_strike
fivezin.com,domain,cobalt_strike
34.132.77.143,IPv4,cobalt_strike
1.116.252.80,IPv4,cobalt_strike
107.150.126.47,IPv4,cobalt_strike
103.145.86.70,IPv4,cobalt_strike
123.57.223.141,IPv4,cobalt_strike
198.13.34.191,IPv4,cobalt_strike
boku.network,domain,cobalt_strike
download.windows-microsoft-en.com,hostname,cobalt_strike
jegufe.com,domain,cobalt_strike
korils.com,domain,cobalt_strike
172.105.209.145,IPv4,cobalt_strike
123.56.15.237,IPv4,cobalt_strike
shanroban.com,domain,cobalt_strike
dirupun.com,domain,cobalt_strike
119.29.91.187,IPv4,cobalt_strike
pazovet.com,domain,cobalt_strike
confige.dockkkkkkkktiu.tk,hostname,cobalt_strike
51.68.203.106,IPv4,cobalt_strike
121.196.175.18,IPv4,cobalt_strike
212.129.244.167,IPv4,cobalt_strike
www.ppccw.pro,hostname,cobalt_strike
adsense.servehttp.com,hostname,cobalt_strike
brelle2.com,domain,cobalt_strike
116.85.31.42,IPv4,cobalt_strike
160.116.58.151,IPv4,cobalt_strike
120.78.153.219,IPv4,cobalt_strike
119.188.210.44,IPv4,cobalt_strike
160.116.58.152,IPv4,cobalt_strike
194.76.225.47,IPv4,cobalt_strike
39.107.61.166,IPv4,cobalt_strike
194.156.98.246,IPv4,cobalt_strike
160.116.58.153,IPv4,cobalt_strike
106.55.141.19,IPv4,cobalt_strike
172.83.155.254,IPv4,cobalt_strike
82.156.225.117,IPv4,cobalt_strike
80.66.76.50,IPv4,cobalt_strike
160.116.58.150,IPv4,cobalt_strike
104.238.158.202,IPv4,cobalt_strike
imxc.cc,domain,cobalt_strike
theoffshorebankaccount.com,domain,cobalt_strike
myhappiestminds.com,domain,cobalt_strike
booking-sales.com,domain,cobalt_strike
cloud-office365.com,domain,cobalt_strike
micorsoft.co,domain,cobalt_strike
cust.pkfcu.com,hostname,cobalt_strike
jdchospital.com,domain,cobalt_strike
www.luckman.cf,hostname,cobalt_strike
imagalytics.com,domain,cobalt_strike
upload.dwi22g.com,hostname,cobalt_strike
phreeesia.com,domain,cobalt_strike
3info.medicalbankform.com,hostname,cobalt_strike
47.100.187.102,IPv4,cobalt_strike
206.166.251.180,IPv4,cobalt_strike
perk-plan.com,domain,cobalt_strike
8.130.55.52,IPv4,cobalt_strike
111.229.93.8,IPv4,cobalt_strike
jenupe.com,domain,cobalt_strike
ganobaz.com,domain,cobalt_strike
yowofe.com,domain,cobalt_strike
www.sammitng.com,hostname,cobalt_strike
103.152.132.96,IPv4,cobalt_strike
129.226.182.178,IPv4,cobalt_strike
donuak.com,domain,cobalt_strike
loikdo.com,domain,cobalt_strike
160.72.78.12,IPv4,cobalt_strike
zedoxuf.com,domain,cobalt_strike
cc.sf.sg1cloud.com,hostname,cobalt_strike
acurashu.com,domain,cobalt_strike
mazdafo.com,domain,cobalt_strike
merssed.com,domain,cobalt_strike
hiwiko.com,domain,cobalt_strike
bmwfor.com,domain,cobalt_strike
hondame.com,domain,cobalt_strike
itforkbey.xyz,domain,cobalt_strike
link.withpulm.com,hostname,cobalt_strike
croperdate.com,domain,cobalt_strike
losmapes.com,domain,cobalt_strike
newyorkshel.com,domain,cobalt_strike
namelessbeyond.tech,domain,cobalt_strike
smallgop.com,domain,cobalt_strike
54.37.152.73,IPv4,cobalt_strike
110.40.129.108,IPv4,cobalt_strike
103.56.19.71,IPv4,cobalt_strike
27.102.113.122,IPv4,cobalt_strike
194.165.16.100,IPv4,cobalt_strike
47.243.69.59,IPv4,cobalt_strike
202.182.98.164,IPv4,cobalt_strike
r.wlthplum.com,hostname,cobalt_strike
static.fastly-cdn.xyz,hostname,cobalt_strike
costumesodi.com,domain,cobalt_strike
totallylegittrend.duckdns.org,hostname,cobalt_strike
c.dnm.one,hostname,cobalt_strike
freshjuk.com,domain,cobalt_strike
cwyzehealthcare.org,domain,cobalt_strike
logs.toservice.net,hostname,cobalt_strike
ys.myhome.xin,hostname,cobalt_strike
mentalhealth-madison.com,domain,cobalt_strike
47.93.27.54,IPv4,cobalt_strike
173.82.22.106,IPv4,cobalt_strike
108.160.141.100,IPv4,cobalt_strike
149.28.206.87,IPv4,cobalt_strike
marshbol.com,domain,cobalt_strike
vendorupdates.one,domain,cobalt_strike
91.90.194.52,IPv4,cobalt_strike
158.247.197.90,IPv4,cobalt_strike
103.70.59.66,IPv4,cobalt_strike
45.77.44.118,IPv4,cobalt_strike
45.76.222.224,IPv4,cobalt_strike
139.9.234.13,IPv4,cobalt_strike
162.244.80.254,IPv4,cobalt_strike
45.32.64.43,IPv4,cobalt_strike
193.123.228.5,IPv4,cobalt_strike
118.190.162.37,IPv4,cobalt_strike
154.204.25.175,IPv4,cobalt_strike
91.214.124.100,IPv4,cobalt_strike
104.149.37.42,IPv4,cobalt_strike
107.150.5.76,IPv4,cobalt_strike
162.55.161.250,IPv4,cobalt_strike
192.236.146.243,IPv4,cobalt_strike
39.106.51.35,IPv4,cobalt_strike
45.32.31.171,IPv4,cobalt_strike
109.201.140.65,IPv4,cobalt_strike
45.77.38.191,IPv4,cobalt_strike
111.90.151.208,IPv4,cobalt_strike
45.227.255.15,IPv4,cobalt_strike
107.172.156.184,IPv4,cobalt_strike
138.68.138.177,IPv4,cobalt_strike
101.34.21.24,IPv4,cobalt_strike
79.141.162.172,IPv4,cobalt_strike
167.179.76.191,IPv4,cobalt_strike
146.0.77.15,IPv4,cobalt_strike
106.13.168.233,IPv4,cobalt_strike
91.193.19.174,IPv4,cobalt_strike
43.251.104.6,IPv4,cobalt_strike
cookietest.ml,domain,cobalt_strike
www.weixim.ga,hostname,cobalt_strike
api.v3stech.com,hostname,cobalt_strike
update.ag-playgame.com,hostname,cobalt_strike
vcsa0114.lowicz.work,hostname,cobalt_strike
cdn.aexhausts.com,hostname,cobalt_strike
identalytics.com,domain,cobalt_strike
b.l1stary.xyz,hostname,cobalt_strike
autobluff.com,domain,cobalt_strike
ts.myteamserver.live,hostname,cobalt_strike
redirector2.live,domain,cobalt_strike
www.monksec.tk,hostname,cobalt_strike
nvme-updates.com,domain,cobalt_strike
dfsdfasdasdasfsdgdfgxxasfhuzkasd921asdasd.xyz,domain,cobalt_strike
gellten-p.com,domain,cobalt_strike
www.almvdkg6vrpmkvk4.tk,hostname,cobalt_strike
happy.crycat.cn,hostname,cobalt_strike
zanzibor.com,domain,cobalt_strike
chmowd.xyz,domain,cobalt_strike
damacat.com,domain,cobalt_strike
www.upwindows.tk,hostname,cobalt_strike
update.adobeflash.cc,hostname,cobalt_strike
nopostings.com,domain,cobalt_strike
212.115.54.41,IPv4,cobalt_strike
82.117.252.142,IPv4,cobalt_strike
138.124.183.238,IPv4,cobalt_strike
49.234.208.78,IPv4,cobalt_strike
47.112.227.200,IPv4,cobalt_strike
89.163.210.112,IPv4,cobalt_strike
114.67.103.120,IPv4,cobalt_strike
45.67.228.78,IPv4,cobalt_strike
georgiaonsale.com,domain,cobalt_strike
shuterb.com,domain,cobalt_strike
144.48.8.207,IPv4,cobalt_strike
172.81.240.159,IPv4,cobalt_strike
31.14.40.251,IPv4,cobalt_strike
121.4.180.164,IPv4,cobalt_strike
173.82.201.37,IPv4,cobalt_strike
1.117.180.42,IPv4,cobalt_strike
82.117.252.139,IPv4,cobalt_strike
75.119.129.165,IPv4,cobalt_strike
45.61.138.184,IPv4,cobalt_strike
43.128.59.59,IPv4,cobalt_strike
careercrying.com,domain,cobalt_strike
luna.viewdns.net,hostname,cobalt_strike
do1t.tk,domain,cobalt_strike
49.232.77.78,IPv4,cobalt_strike
185.141.24.117,IPv4,cobalt_strike
39.96.63.97,IPv4,cobalt_strike
185.153.199.167,IPv4,cobalt_strike
altlass.com,domain,cobalt_strike
nacicaw.com,domain,cobalt_strike
91.210.104.247,IPv4,cobalt_strike
43.128.10.184,IPv4,cobalt_strike
zikojut.com,domain,cobalt_strike
sboiuoygiudcecnscfbcjshbdslkbjoodisuvo.com,domain,cobalt_strike
106.12.100.37,IPv4,cobalt_strike
193.56.146.101,IPv4,cobalt_strike
clubggtop.com,domain,cobalt_strike
checkauj.com,domain,cobalt_strike
notepadsswallows.com,domain,cobalt_strike
bennssi.com,domain,cobalt_strike
108.61.203.86,IPv4,cobalt_strike
185.239.225.69,IPv4,cobalt_strike
205.185.114.151,IPv4,cobalt_strike
www.yesgogog.tk,hostname,cobalt_strike
dmitolt.com,domain,cobalt_strike
108.62.118.76,IPv4,cobalt_strike
162.244.82.51,IPv4,cobalt_strike
23-29-115-172.static.hvvc.us,hostname,cobalt_strike
168.119.52.222,IPv4,cobalt_strike
192.153.57.81,IPv4,cobalt_strike
159.75.19.218,IPv4,cobalt_strike
217.12.201.102,IPv4,cobalt_strike
82.118.21.160,IPv4,cobalt_strike
139.196.20.79,IPv4,cobalt_strike
82.156.187.92,IPv4,cobalt_strike
80.78.22.85,IPv4,cobalt_strike
198.35.45.55,IPv4,cobalt_strike
69.49.230.29,IPv4,cobalt_strike
42.193.103.184,IPv4,cobalt_strike
45.67.228.85,IPv4,cobalt_strike
82.117.252.143,IPv4,cobalt_strike
45.77.37.214,IPv4,cobalt_strike
194.76.226.20,IPv4,cobalt_strike
193.56.146.100,IPv4,cobalt_strike
167.99.229.203,IPv4,cobalt_strike
91.241.19.95,IPv4,cobalt_strike
185.245.1.51,IPv4,cobalt_strike
107.172.188.164,IPv4,cobalt_strike
139.180.215.0,IPv4,cobalt_strike
vomban.com,domain,cobalt_strike
travelnumb.com,domain,cobalt_strike
beast.cybersecuritytesting.net,hostname,cobalt_strike
iamhealthytoday.com,domain,cobalt_strike
p5z2c7j9.hostrycdn.com,hostname,cobalt_strike
wenderf.com,domain,cobalt_strike
soufgen.com,domain,cobalt_strike
www.asdasdagxzz.tk,hostname,cobalt_strike
commer-soft.com,domain,cobalt_strike
naomiveedeevee.com,domain,cobalt_strike
globalarchitec.pro,domain,cobalt_strike
commerce-deal.com,domain,cobalt_strike
www.asdcttyffxx.tk,hostname,cobalt_strike
39.105.49.50,IPv4,cobalt_strike
46.161.27.76,IPv4,cobalt_strike
news.hubbbug.com,hostname,cobalt_strike
122.160.68.96,IPv4,cobalt_strike
gihshmot.com,domain,cobalt_strike
fepaza.com,domain,cobalt_strike
ms8629-oscpsec.info,domain,cobalt_strike
117.51.140.12,IPv4,cobalt_strike
45.77.41.153,IPv4,cobalt_strike
185.191.34.235,IPv4,cobalt_strike
141.164.58.19,IPv4,cobalt_strike
67.205.163.14,IPv4,cobalt_strike
moduwoj.com,domain,cobalt_strike
voyajin.com,domain,cobalt_strike
tosayoj.com,domain,cobalt_strike
comecal.com,domain,cobalt_strike
5.188.87.41,IPv4,cobalt_strike
gasonz.com,domain,cobalt_strike
fidomarvins.com,domain,cobalt_strike
179.60.150.26,IPv4,cobalt_strike
xagadi.com,domain,cobalt_strike
89.163.145.54,IPv4,cobalt_strike
162.55.183.207,IPv4,cobalt_strike
188.116.34.202,IPv4,cobalt_strike
loopcareer.com,domain,cobalt_strike
49.234.59.203,IPv4,cobalt_strike
185.225.17.30,IPv4,cobalt_strike
192.153.57.113,IPv4,cobalt_strike
status10.microsoft-essentials.com,hostname,cobalt_strike
42.192.158.3,IPv4,cobalt_strike
144.34.176.247,IPv4,cobalt_strike
147.182.167.210,IPv4,cobalt_strike
116.62.200.143,IPv4,cobalt_strike
77.83.199.61,IPv4,cobalt_strike
45.153.231.82,IPv4,cobalt_strike
37.120.239.45,IPv4,cobalt_strike
flashcf.cf,domain,cobalt_strike
www.googlemali.ml,hostname,cobalt_strike
api.bnmcompanys.com,hostname,cobalt_strike
gimilof.com,domain,cobalt_strike
1.15.27.171,IPv4,cobalt_strike
wocesa.com,domain,cobalt_strike
wugemei7.com,domain,cobalt_strike
mersvecabrito.com,domain,cobalt_strike
111.90.158.45,IPv4,cobalt_strike
kelowuh.com,domain,cobalt_strike
39.105.98.150,IPv4,cobalt_strike
91.214.124.115,IPv4,cobalt_strike
37.120.198.251,IPv4,cobalt_strike
windows-microsoft-en.com,domain,cobalt_strike
app.healthychallenges.org,hostname,cobalt_strike
106.55.51.55,IPv4,cobalt_strike
167.160.188.99,IPv4,cobalt_strike
204.44.95.156,IPv4,cobalt_strike
192.74.254.207,IPv4,cobalt_strike
61.160.195.13,IPv4,cobalt_strike
45.251.240.176,IPv4,cobalt_strike
158.247.217.83,IPv4,cobalt_strike
45.116.13.205,IPv4,cobalt_strike
156.240.107.203,IPv4,cobalt_strike
103.234.72.139,IPv4,cobalt_strike
119.28.16.38,IPv4,cobalt_strike
42.192.132.178,IPv4,cobalt_strike
lonokis.com,domain,cobalt_strike
asofam.com,domain,cobalt_strike
158.247.225.41,IPv4,cobalt_strike
104.160.19.164,IPv4,cobalt_strike
104.160.19.162,IPv4,cobalt_strike
155.138.223.122,IPv4,cobalt_strike
185.239.225.40,IPv4,cobalt_strike
114.67.83.248,IPv4,cobalt_strike
www.oppits.top,hostname,cobalt_strike
39.98.226.48,IPv4,cobalt_strike
188.166.21.93,IPv4,cobalt_strike
74.119.195.47,IPv4,cobalt_strike
198.98.58.184,IPv4,cobalt_strike
176.9.178.145,IPv4,cobalt_strike
91.191.209.122,IPv4,cobalt_strike
168.100.11.226,IPv4,cobalt_strike
benjithecat.com,domain,cobalt_strike
www.safelistsoftware.com,hostname,cobalt_strike
csrss.re,domain,cobalt_strike
t0ky0.com,domain,cobalt_strike
192.198.86.166,IPv4,cobalt_strike
34.134.23.41,IPv4,cobalt_strike
121.41.101.90,IPv4,cobalt_strike
95.216.192.110,IPv4,cobalt_strike
195.201.100.63,IPv4,cobalt_strike
147.182.210.49,IPv4,cobalt_strike
194.156.98.68,IPv4,cobalt_strike
64.69.57.91,IPv4,cobalt_strike
101.132.182.180,IPv4,cobalt_strike
45.92.156.97,IPv4,cobalt_strike
192.241.156.68,IPv4,cobalt_strike
173.82.119.213,IPv4,cobalt_strike
62.234.27.250,IPv4,cobalt_strike
217.12.200.149,IPv4,cobalt_strike
103.159.132.70,IPv4,cobalt_strike
47.242.80.83,IPv4,cobalt_strike
121.40.253.25,IPv4,cobalt_strike
82.156.215.145,IPv4,cobalt_strike
124.71.193.185,IPv4,cobalt_strike
91.214.124.118,IPv4,cobalt_strike
176.121.14.49,IPv4,cobalt_strike
162.244.80.127,IPv4,cobalt_strike
149.28.113.181,IPv4,cobalt_strike
180.163.100.183,IPv4,cobalt_strike
182.237.2.186,IPv4,cobalt_strike
rest.healthychallenges.org,hostname,cobalt_strike
chat.mymentalawareness.com,hostname,cobalt_strike
madersoft.com,domain,cobalt_strike
api.middletowncarescoalition.org,hostname,cobalt_strike
truebigdeal.com,domain,cobalt_strike
ez.woshinibaba.gq,hostname,cobalt_strike
api.healthychallenges.org,hostname,cobalt_strike
ssl.securelogonweb.com,hostname,cobalt_strike
api.positivepharmacy.org,hostname,cobalt_strike
tor-mail.org,domain,cobalt_strike
cloud-network.net,domain,cobalt_strike
185.243.114.227,IPv4,cobalt_strike
103.145.61.84,IPv4,cobalt_strike
106.13.231.213,IPv4,cobalt_strike
134.195.90.185,IPv4,cobalt_strike
179.60.150.25,IPv4,cobalt_strike
5.188.87.57,IPv4,cobalt_strike
digitalcloudinstall.com,domain,cobalt_strike
guruhey4.com,domain,cobalt_strike
8.134.115.80,IPv4,cobalt_strike
81.69.170.234,IPv4,cobalt_strike
193.29.104.218,IPv4,cobalt_strike
srv02.cloudcorp.one,hostname,cobalt_strike
chat.myunitedhealth.care,hostname,cobalt_strike
137.184.8.123,IPv4,cobalt_strike
46.161.27.19,IPv4,cobalt_strike
42.193.114.46,IPv4,cobalt_strike
1.117.3.184,IPv4,cobalt_strike
172.96.199.223,IPv4,cobalt_strike
185.138.164.119,IPv4,cobalt_strike
62.234.123.15,IPv4,cobalt_strike
148.72.244.3,IPv4,cobalt_strike
202.182.105.127,IPv4,cobalt_strike
101.34.169.131,IPv4,cobalt_strike
103.85.27.63,IPv4,cobalt_strike
110.40.184.247,IPv4,cobalt_strike
musteritis.com,domain,cobalt_strike
8.210.180.142,IPv4,cobalt_strike
139.60.161.63,IPv4,cobalt_strike
115.239.253.203,IPv4,cobalt_strike
23.224.42.74,IPv4,cobalt_strike
141.98.81.118,IPv4,cobalt_strike
45.76.66.116,IPv4,cobalt_strike
103.72.146.180,IPv4,cobalt_strike
1.116.65.182,IPv4,cobalt_strike
139.198.108.26,IPv4,cobalt_strike
92.242.62.116,IPv4,cobalt_strike
47.243.177.151,IPv4,cobalt_strike
xesoxaf.com,domain,cobalt_strike
hulixo.com,domain,cobalt_strike
luherih.com,domain,cobalt_strike
dopimi.com,domain,cobalt_strike
xisiyi.com,domain,cobalt_strike
138.68.153.82,IPv4,cobalt_strike
188.166.148.157,IPv4,cobalt_strike
123.56.9.63,IPv4,cobalt_strike
redirector1.live,domain,cobalt_strike
91.206.92.125,IPv4,cobalt_strike
49.235.75.226,IPv4,cobalt_strike
148.72.247.66,IPv4,cobalt_strike
183.251.3.171,IPv4,cobalt_strike
listencreep.com,domain,cobalt_strike
39.106.118.137,IPv4,cobalt_strike
135.181.13.52,IPv4,cobalt_strike
207.148.124.83,IPv4,cobalt_strike
firefoxupdatenew.com,domain,cobalt_strike
hexihan.com,domain,cobalt_strike
vojefe.com,domain,cobalt_strike
23.82.19.219,IPv4,cobalt_strike
23.106.223.116,IPv4,cobalt_strike
185.154.52.100,IPv4,cobalt_strike
119.91.89.180,IPv4,cobalt_strike
koxiga.com,domain,cobalt_strike
jafiha.com,domain,cobalt_strike
vigave.com,domain,cobalt_strike
138.128.222.128,IPv4,cobalt_strike
128.14.226.105,IPv4,cobalt_strike
101.34.21.182,IPv4,cobalt_strike
89.163.140.204,IPv4,cobalt_strike
157.230.255.176,IPv4,cobalt_strike
80.92.205.134,IPv4,cobalt_strike
45.129.136.74,IPv4,cobalt_strike
39.96.1.24,IPv4,cobalt_strike
68.183.123.10,IPv4,cobalt_strike
1.14.49.45,IPv4,cobalt_strike
45.156.22.128,IPv4,cobalt_strike
39.107.141.48,IPv4,cobalt_strike
37.120.239.178,IPv4,cobalt_strike
39.105.44.117,IPv4,cobalt_strike
45.136.12.45,IPv4,cobalt_strike
107.182.176.146,IPv4,cobalt_strike
89.43.107.85,IPv4,cobalt_strike
111.230.198.142,IPv4,cobalt_strike
103.100.211.149,IPv4,cobalt_strike
193.42.38.90,IPv4,cobalt_strike
108.61.159.176,IPv4,cobalt_strike
207.148.97.245,IPv4,cobalt_strike
8.210.2.157,IPv4,cobalt_strike
198.46.190.14,IPv4,cobalt_strike
77.83.199.13,IPv4,cobalt_strike
117.18.111.41,IPv4,cobalt_strike
81.68.139.107,IPv4,cobalt_strike
167.71.101.201,IPv4,cobalt_strike
104.160.19.165,IPv4,cobalt_strike
192.74.254.43,IPv4,cobalt_strike
128.199.106.244,IPv4,cobalt_strike
45.61.187.208,IPv4,cobalt_strike
68.183.126.83,IPv4,cobalt_strike
74.119.195.67,IPv4,cobalt_strike
188.240.208.42,IPv4,cobalt_strike
148.72.244.117,IPv4,cobalt_strike
176.97.64.90,IPv4,cobalt_strike
47.101.37.196,IPv4,cobalt_strike
128.1.48.153,IPv4,cobalt_strike
122.10.114.184,IPv4,cobalt_strike
122.254.103.249,IPv4,cobalt_strike
178.236.42.200,IPv4,cobalt_strike
172.105.97.149,IPv4,cobalt_strike
119.91.111.78,IPv4,cobalt_strike
185.163.204.212,IPv4,cobalt_strike
59.110.33.83,IPv4,cobalt_strike
104.160.19.166,IPv4,cobalt_strike
45.32.184.140,IPv4,cobalt_strike
194.165.16.41,IPv4,cobalt_strike
104.160.19.163,IPv4,cobalt_strike
64.69.57.92,IPv4,cobalt_strike
111.231.77.72,IPv4,cobalt_strike
167.179.110.236,IPv4,cobalt_strike
econgi.com,domain,cobalt_strike
www.micrcscft-store.com,hostname,cobalt_strike
qqfinance.ml,domain,cobalt_strike
lite-blue.net,domain,cobalt_strike
fdr-conference.org,domain,cobalt_strike
us.netsuite-labs.com,hostname,cobalt_strike
healthfirsthospitals.com,domain,cobalt_strike
wps-cdn.ml,domain,cobalt_strike
thesmallboxcompany.com,domain,cobalt_strike
res2.73378.net,hostname,cobalt_strike
www.tor-mail.org,hostname,cobalt_strike
connect.securecloudcdnservices.net,hostname,cobalt_strike
master.hackyour.computer,hostname,cobalt_strike
make-designer.com,domain,cobalt_strike
secdisks.com,domain,cobalt_strike
52cax.tk,domain,cobalt_strike
jorimom.com,domain,cobalt_strike
jklas.larsdodd.xyz,hostname,cobalt_strike
145.249.107.100,IPv4,cobalt_strike
209.141.53.128,IPv4,cobalt_strike
1.15.152.82,IPv4,cobalt_strike
47.242.158.228,IPv4,cobalt_strike
oadurhgoiuehropmiftysbygc.com,domain,cobalt_strike
8.210.154.134,IPv4,cobalt_strike
101.34.180.41,IPv4,cobalt_strike
investor-champ.com,domain,cobalt_strike
47.94.3.159,IPv4,cobalt_strike
103.200.28.80,IPv4,cobalt_strike
37.120.206.118,IPv4,cobalt_strike
login.eyetomsky.com,hostname,cobalt_strike
129.232.189.22,IPv4,cobalt_strike
47.103.208.189,IPv4,cobalt_strike
8.140.120.112,IPv4,cobalt_strike
81.70.58.168,IPv4,cobalt_strike
139.186.132.166,IPv4,cobalt_strike
155.94.163.69,IPv4,cobalt_strike
194.110.220.73,IPv4,cobalt_strike
66.42.86.109,IPv4,cobalt_strike
185.209.28.160,IPv4,cobalt_strike
217.148.142.19,IPv4,cobalt_strike
23.81.246.20,IPv4,cobalt_strike
23.106.223.246,IPv4,cobalt_strike
185.125.207.29,IPv4,cobalt_strike
waitingdate.com,domain,cobalt_strike
howiwo.com,domain,cobalt_strike
134.195.90.188,IPv4,cobalt_strike
27.102.127.175,IPv4,cobalt_strike
134.195.90.186,IPv4,cobalt_strike
104.194.10.21,IPv4,cobalt_strike
39.106.49.240,IPv4,cobalt_strike
198.27.115.98,IPv4,cobalt_strike
134.195.90.189,IPv4,cobalt_strike
42.193.119.4,IPv4,cobalt_strike
207.148.1.62,IPv4,cobalt_strike
134.195.90.187,IPv4,cobalt_strike
139.180.157.210,IPv4,cobalt_strike
203.55.176.102,IPv4,cobalt_strike
cdnchrome.xyz,domain,cobalt_strike
nuro-ai.com,domain,cobalt_strike
cdnsharepoi.xyz,domain,cobalt_strike
156.236.114.101,IPv4,cobalt_strike
211.99.11.163,IPv4,cobalt_strike
121.199.68.210,IPv4,cobalt_strike
143.198.14.183,IPv4,cobalt_strike
195.123.245.6,IPv4,cobalt_strike
tepiwo.com,domain,cobalt_strike
108.62.118.69,IPv4,cobalt_strike
joxinu.com,domain,cobalt_strike
timeserver-ts1.redirectme.net,hostname,cobalt_strike
45.138.209.23,IPv4,cobalt_strike
64.52.169.174,IPv4,cobalt_strike
173.82.219.68,IPv4,cobalt_strike
154.86.157.8,IPv4,cobalt_strike
164.90.137.196,IPv4,cobalt_strike
118.31.60.151,IPv4,cobalt_strike
39.107.237.99,IPv4,cobalt_strike
leptengthinete.com,domain,cobalt_strike
miyazono.tk,domain,cobalt_strike
adobeacrobatupdate.com,domain,cobalt_strike
8.131.54.107,IPv4,cobalt_strike
47.243.44.143,IPv4,cobalt_strike
37.221.115.68,IPv4,cobalt_strike
101.32.220.129,IPv4,cobalt_strike
47.94.170.143,IPv4,cobalt_strike
108.177.235.131,IPv4,cobalt_strike
45.148.120.94,IPv4,cobalt_strike
103.118.253.60,IPv4,cobalt_strike
95.179.143.234,IPv4,cobalt_strike
103.198.240.250,IPv4,cobalt_strike
cloud-dock.net,domain,cobalt_strike
143.244.140.116,IPv4,cobalt_strike
45.136.12.47,IPv4,cobalt_strike
49.232.71.215,IPv4,cobalt_strike
50.116.35.191,IPv4,cobalt_strike
144.76.87.169,IPv4,cobalt_strike
107.155.104.162,IPv4,cobalt_strike
144.217.207.31,IPv4,cobalt_strike
101.34.33.195,IPv4,cobalt_strike
45.147.230.236,IPv4,cobalt_strike
185.118.166.205,IPv4,cobalt_strike
137.184.52.140,IPv4,cobalt_strike
194.36.191.23,IPv4,cobalt_strike
107.150.7.145,IPv4,cobalt_strike
45.76.150.13,IPv4,cobalt_strike
4.14.141.202,IPv4,cobalt_strike
37.120.239.29,IPv4,cobalt_strike
47.110.49.237,IPv4,cobalt_strike
103.218.3.190,IPv4,cobalt_strike
128.199.164.185,IPv4,cobalt_strike
206.166.251.121,IPv4,cobalt_strike
45.136.12.46,IPv4,cobalt_strike
135.125.255.17,IPv4,cobalt_strike
45.76.147.101,IPv4,cobalt_strike
168.100.11.104,IPv4,cobalt_strike
147.182.206.25,IPv4,cobalt_strike
157.245.146.0,IPv4,cobalt_strike
37.120.239.13,IPv4,cobalt_strike
92.118.189.254,IPv4,cobalt_strike
139.196.178.96,IPv4,cobalt_strike
170.130.28.37,IPv4,cobalt_strike
23.106.223.154,IPv4,cobalt_strike
119.91.92.159,IPv4,cobalt_strike
16.162.7.120,IPv4,cobalt_strike
144.217.207.29,IPv4,cobalt_strike
193.42.38.112,IPv4,cobalt_strike
45.9.20.203,IPv4,cobalt_strike
42.192.69.109,IPv4,cobalt_strike
88.80.145.98,IPv4,cobalt_strike
45.227.255.194,IPv4,cobalt_strike
196.15.130.252,IPv4,cobalt_strike
152.32.144.41,IPv4,cobalt_strike
106.55.172.107,IPv4,cobalt_strike
193.200.134.124,IPv4,cobalt_strike
167.179.68.51,IPv4,cobalt_strike
106.52.224.139,IPv4,cobalt_strike
45.32.92.156,IPv4,cobalt_strike
165.232.133.76,IPv4,cobalt_strike
149.28.84.63,IPv4,cobalt_strike
144.48.220.44,IPv4,cobalt_strike
23.82.140.156,IPv4,cobalt_strike
47.93.220.152,IPv4,cobalt_strike
119.3.160.28,IPv4,cobalt_strike
172.86.75.13,IPv4,cobalt_strike
137.220.43.210,IPv4,cobalt_strike
108.62.118.169,IPv4,cobalt_strike
42.193.16.194,IPv4,cobalt_strike
45.156.26.154,IPv4,cobalt_strike
144.48.220.45,IPv4,cobalt_strike
31.13.195.42,IPv4,cobalt_strike
46.30.189.117,IPv4,cobalt_strike
138.197.8.47,IPv4,cobalt_strike
ksksadjasidjsaidjasionline.xyz,domain,cobalt_strike
dev.vindaseo.ml,hostname,cobalt_strike
grovfda.com,domain,cobalt_strike
locked.dockkkkkkkktiu.tk,hostname,cobalt_strike
howeyoh.com,domain,cobalt_strike
controllerairlanes.top,domain,cobalt_strike
digtstat.com,domain,cobalt_strike
code-signing.org,domain,cobalt_strike
namastat.com,domain,cobalt_strike
aba.abservers.net,hostname,cobalt_strike
smithhulseyandbusey.com,domain,cobalt_strike
relld2es.com,domain,cobalt_strike
rurofo.com,domain,cobalt_strike
update.windowupdate.xyz,hostname,cobalt_strike
coopdate.com,domain,cobalt_strike
secure-cloud.org,domain,cobalt_strike
salitue8.com,domain,cobalt_strike
j9u2j5r3.hostrycdn.com,hostname,cobalt_strike
buy9185.com,domain,cobalt_strike
pnp.pnpnp.xyz,hostname,cobalt_strike
tifiru.com,domain,cobalt_strike
update12.microsoft-essentials.com,hostname,cobalt_strike
itsecurityupdate.com,domain,cobalt_strike
securetransport.net,domain,cobalt_strike
blog.walterierodriqu.com,hostname,cobalt_strike
jiu-2.jiuzhou.cyou,hostname,cobalt_strike
89.38.135.30,IPv4,cobalt_strike
45.77.131.86,IPv4,cobalt_strike
guardggg.guardggg.com,hostname,cobalt_strike
103.113.159.250,IPv4,cobalt_strike
103.193.4.182,IPv4,cobalt_strike
103.205.243.67,IPv4,cobalt_strike
103.233.80.25,IPv4,cobalt_strike
103.233.80.26,IPv4,cobalt_strike
103.238.224.138,IPv4,cobalt_strike
103.238.226.160,IPv4,cobalt_strike
103.243.25.214,IPv4,cobalt_strike
103.253.41.63,IPv4,cobalt_strike
103.51.12.206,IPv4,cobalt_strike
103.51.146.22,IPv4,cobalt_strike
103.51.146.63,IPv4,cobalt_strike
103.53.197.158,IPv4,cobalt_strike
103.63.2.210,IPv4,cobalt_strike
103.73.66.188,IPv4,cobalt_strike
103.78.133.219,IPv4,cobalt_strike
103.79.176.31,IPv4,cobalt_strike
103.83.156.138,IPv4,cobalt_strike
103.83.156.216,IPv4,cobalt_strike
103.83.156.48,IPv4,cobalt_strike
103.83.156.59,IPv4,cobalt_strike
104.129.184.232,IPv4,cobalt_strike
104.130.51.216,IPv4,cobalt_strike
104.155.217.160,IPv4,cobalt_strike
104.168.152.158,IPv4,cobalt_strike
104.194.85.251,IPv4,cobalt_strike
104.198.170.193,IPv4,cobalt_strike
104.200.67.146,IPv4,cobalt_strike
104.211.16.26,IPv4,cobalt_strike
104.224.191.210,IPv4,cobalt_strike
104.236.72.216,IPv4,cobalt_strike
104.238.154.163,IPv4,cobalt_strike
104.238.174.93,IPv4,cobalt_strike
104.243.16.125,IPv4,cobalt_strike
104.243.21.202,IPv4,cobalt_strike
104.243.21.205,IPv4,cobalt_strike
104.245.42.220,IPv4,cobalt_strike
104.248.129.91,IPv4,cobalt_strike
104.248.131.11,IPv4,cobalt_strike
104.248.140.108,IPv4,cobalt_strike
104.248.163.35,IPv4,cobalt_strike
104.248.231.44,IPv4,cobalt_strike
104.248.33.254,IPv4,cobalt_strike
104.248.38.5,IPv4,cobalt_strike
104.248.39.81,IPv4,cobalt_strike
104.248.52.119,IPv4,cobalt_strike
104.248.73.101,IPv4,cobalt_strike
104.248.75.224,IPv4,cobalt_strike
104.250.97.99,IPv4,cobalt_strike
104.255.173.24,IPv4,cobalt_strike
104.41.130.190,IPv4,cobalt_strike
106.13.60.62,IPv4,cobalt_strike
106.38.205.205,IPv4,cobalt_strike
107.155.160.204,IPv4,cobalt_strike
107.167.190.172,IPv4,cobalt_strike
107.167.64.4,IPv4,cobalt_strike
107.170.222.131,IPv4,cobalt_strike
107.173.233.12,IPv4,cobalt_strike
107.173.233.120,IPv4,cobalt_strike
107.182.19.193,IPv4,cobalt_strike
107.182.23.139,IPv4,cobalt_strike
107.182.23.162,IPv4,cobalt_strike
107.191.63.217,IPv4,cobalt_strike
107.191.63.62,IPv4,cobalt_strike
108.160.138.55,IPv4,cobalt_strike
108.160.141.213,IPv4,cobalt_strike
108.61.181.114,IPv4,cobalt_strike
108.61.207.145,IPv4,cobalt_strike
109.169.66.142,IPv4,cobalt_strike
109.200.24.116,IPv4,cobalt_strike
109.200.24.97,IPv4,cobalt_strike
109.200.24.98,IPv4,cobalt_strike
109.236.81.159,IPv4,cobalt_strike
109.248.148.57,IPv4,cobalt_strike
109.248.149.95,IPv4,cobalt_strike
109.248.149.96,IPv4,cobalt_strike
110.10.178.22,IPv4,cobalt_strike
110.34.166.35,IPv4,cobalt_strike
110.34.166.38,IPv4,cobalt_strike
110.34.166.52,IPv4,cobalt_strike
112.213.97.102,IPv4,cobalt_strike
112.213.97.105,IPv4,cobalt_strike
112.213.97.106,IPv4,cobalt_strike
115.144.238.26,IPv4,cobalt_strike
115.144.238.94,IPv4,cobalt_strike
118.193.245.4,IPv4,cobalt_strike
118.24.72.18,IPv4,cobalt_strike
118.24.72.92,IPv4,cobalt_strike
118.27.20.138,IPv4,cobalt_strike
118.31.52.208,IPv4,cobalt_strike
118.89.47.205,IPv4,cobalt_strike
119.23.104.38,IPv4,cobalt_strike
119.29.1.141,IPv4,cobalt_strike
119.29.198.127,IPv4,cobalt_strike
119.81.115.90,IPv4,cobalt_strike
119.81.115.92,IPv4,cobalt_strike
12.109.28.67,IPv4,cobalt_strike
120.79.226.20,IPv4,cobalt_strike
123.1.189.132,IPv4,cobalt_strike
123.1.189.70,IPv4,cobalt_strike
123.57.72.201,IPv4,cobalt_strike
125.212.193.208,IPv4,cobalt_strike
125.212.193.46,IPv4,cobalt_strike
128.1.223.242,IPv4,cobalt_strike
128.1.223.243,IPv4,cobalt_strike
128.1.223.244,IPv4,cobalt_strike
128.1.223.245,IPv4,cobalt_strike
128.1.223.246,IPv4,cobalt_strike
128.199.136.255,IPv4,cobalt_strike
128.199.74.117,IPv4,cobalt_strike
129.204.67.133,IPv4,cobalt_strike
13.68.229.202,IPv4,cobalt_strike
132.232.33.160,IPv4,cobalt_strike
134.175.197.170,IPv4,cobalt_strike
136.144.206.45,IPv4,cobalt_strike
136.144.216.138,IPv4,cobalt_strike
137.117.212.72,IPv4,cobalt_strike
138.128.217.158,IPv4,cobalt_strike
138.197.2.46,IPv4,cobalt_strike
138.197.2.69,IPv4,cobalt_strike
138.197.67.193,IPv4,cobalt_strike
138.204.171.108,IPv4,cobalt_strike
138.68.76.39,IPv4,cobalt_strike
138.68.93.153,IPv4,cobalt_strike
138.68.97.63,IPv4,cobalt_strike
139.162.16.228,IPv4,cobalt_strike
139.162.18.179,IPv4,cobalt_strike
139.162.84.50,IPv4,cobalt_strike
139.162.87.102,IPv4,cobalt_strike
139.180.202.99,IPv4,cobalt_strike
139.180.220.179,IPv4,cobalt_strike
139.59.215.185,IPv4,cobalt_strike
139.59.226.129,IPv4,cobalt_strike
14.128.9.238,IPv4,cobalt_strike
14.128.9.26,IPv4,cobalt_strike
14.128.9.27,IPv4,cobalt_strike
14.139.225.151,IPv4,cobalt_strike
142.11.229.64,IPv4,cobalt_strike
142.93.210.229,IPv4,cobalt_strike
142.93.44.155,IPv4,cobalt_strike
142.93.85.123,IPv4,cobalt_strike
144.202.78.91,IPv4,cobalt_strike
144.34.184.20,IPv4,cobalt_strike
144.34.192.154,IPv4,cobalt_strike
144.48.220.43,IPv4,cobalt_strike
144.48.220.44,IPv4,cobalt_strike
144.48.220.45,IPv4,cobalt_strike
144.48.243.234,IPv4,cobalt_strike
145.239.41.210,IPv4,cobalt_strike
146.0.72.83,IPv4,cobalt_strike
146.0.77.19,IPv4,cobalt_strike
148.70.102.24,IPv4,cobalt_strike
149.129.90.72,IPv4,cobalt_strike
149.28.118.60,IPv4,cobalt_strike
149.28.132.214,IPv4,cobalt_strike
149.28.149.39,IPv4,cobalt_strike
149.28.159.30,IPv4,cobalt_strike
149.28.54.28,IPv4,cobalt_strike
149.28.57.128,IPv4,cobalt_strike
150.109.37.160,IPv4,cobalt_strike
150.95.156.45,IPv4,cobalt_strike
154.16.37.41,IPv4,cobalt_strike
154.213.58.193,IPv4,cobalt_strike
154.213.58.194,IPv4,cobalt_strike
154.213.58.195,IPv4,cobalt_strike
154.213.58.196,IPv4,cobalt_strike
154.213.58.197,IPv4,cobalt_strike
154.213.58.198,IPv4,cobalt_strike
154.213.58.199,IPv4,cobalt_strike
154.213.58.200,IPv4,cobalt_strike
154.213.58.201,IPv4,cobalt_strike
154.213.58.202,IPv4,cobalt_strike
154.213.58.203,IPv4,cobalt_strike
154.213.58.204,IPv4,cobalt_strike
154.213.58.205,IPv4,cobalt_strike
154.213.58.206,IPv4,cobalt_strike
154.213.58.207,IPv4,cobalt_strike
154.213.58.208,IPv4,cobalt_strike
154.213.58.209,IPv4,cobalt_strike
154.213.58.210,IPv4,cobalt_strike
154.213.58.211,IPv4,cobalt_strike
154.213.58.212,IPv4,cobalt_strike
154.213.58.213,IPv4,cobalt_strike
154.213.58.214,IPv4,cobalt_strike
154.213.58.215,IPv4,cobalt_strike
154.213.58.216,IPv4,cobalt_strike
154.213.58.217,IPv4,cobalt_strike
154.213.58.218,IPv4,cobalt_strike
154.213.58.219,IPv4,cobalt_strike
154.213.58.220,IPv4,cobalt_strike
154.213.58.221,IPv4,cobalt_strike
154.213.58.222,IPv4,cobalt_strike
154.213.58.223,IPv4,cobalt_strike
154.213.58.224,IPv4,cobalt_strike
154.213.58.225,IPv4,cobalt_strike
154.213.58.226,IPv4,cobalt_strike
154.213.58.227,IPv4,cobalt_strike
154.213.58.228,IPv4,cobalt_strike
154.213.58.229,IPv4,cobalt_strike
154.213.58.230,IPv4,cobalt_strike
154.213.58.231,IPv4,cobalt_strike
154.213.58.232,IPv4,cobalt_strike
154.213.58.233,IPv4,cobalt_strike
154.213.58.234,IPv4,cobalt_strike
154.213.58.235,IPv4,cobalt_strike
154.213.58.236,IPv4,cobalt_strike
154.213.58.237,IPv4,cobalt_strike
154.213.58.238,IPv4,cobalt_strike
154.213.58.239,IPv4,cobalt_strike
154.213.58.240,IPv4,cobalt_strike
154.213.58.241,IPv4,cobalt_strike
154.213.58.242,IPv4,cobalt_strike
154.213.58.243,IPv4,cobalt_strike
154.213.58.244,IPv4,cobalt_strike
154.213.58.245,IPv4,cobalt_strike
154.213.58.246,IPv4,cobalt_strike
154.213.58.247,IPv4,cobalt_strike
154.213.58.248,IPv4,cobalt_strike
154.213.58.249,IPv4,cobalt_strike
154.213.58.250,IPv4,cobalt_strike
154.213.58.251,IPv4,cobalt_strike
154.213.58.252,IPv4,cobalt_strike
154.213.58.253,IPv4,cobalt_strike
154.213.58.254,IPv4,cobalt_strike
154.213.59.193,IPv4,cobalt_strike
154.213.59.194,IPv4,cobalt_strike
154.213.59.195,IPv4,cobalt_strike
154.213.59.196,IPv4,cobalt_strike
154.213.59.197,IPv4,cobalt_strike
154.213.59.198,IPv4,cobalt_strike
154.213.59.199,IPv4,cobalt_strike
154.213.59.200,IPv4,cobalt_strike
154.213.59.201,IPv4,cobalt_strike
154.213.59.202,IPv4,cobalt_strike
154.213.59.203,IPv4,cobalt_strike
154.213.59.204,IPv4,cobalt_strike
154.213.59.205,IPv4,cobalt_strike
154.213.59.206,IPv4,cobalt_strike
154.213.59.207,IPv4,cobalt_strike
154.213.59.208,IPv4,cobalt_strike
154.213.59.209,IPv4,cobalt_strike
154.213.59.210,IPv4,cobalt_strike
154.213.59.211,IPv4,cobalt_strike
154.213.59.212,IPv4,cobalt_strike
154.213.59.213,IPv4,cobalt_strike
154.213.59.214,IPv4,cobalt_strike
154.213.59.215,IPv4,cobalt_strike
154.213.59.216,IPv4,cobalt_strike
154.213.59.217,IPv4,cobalt_strike
154.213.59.218,IPv4,cobalt_strike
154.213.59.219,IPv4,cobalt_strike
154.213.59.220,IPv4,cobalt_strike
154.213.59.221,IPv4,cobalt_strike
154.213.59.222,IPv4,cobalt_strike
154.213.59.223,IPv4,cobalt_strike
154.213.59.224,IPv4,cobalt_strike
154.213.59.225,IPv4,cobalt_strike
154.213.59.226,IPv4,cobalt_strike
154.213.59.227,IPv4,cobalt_strike
154.213.59.228,IPv4,cobalt_strike
154.213.59.229,IPv4,cobalt_strike
154.213.59.230,IPv4,cobalt_strike
154.213.59.231,IPv4,cobalt_strike
154.213.59.232,IPv4,cobalt_strike
154.213.59.233,IPv4,cobalt_strike
154.213.59.234,IPv4,cobalt_strike
154.213.59.235,IPv4,cobalt_strike
154.213.59.236,IPv4,cobalt_strike
154.213.59.237,IPv4,cobalt_strike
154.213.59.238,IPv4,cobalt_strike
154.213.59.239,IPv4,cobalt_strike
154.213.59.240,IPv4,cobalt_strike
154.213.59.241,IPv4,cobalt_strike
154.213.59.242,IPv4,cobalt_strike
154.213.59.243,IPv4,cobalt_strike
154.213.59.244,IPv4,cobalt_strike
154.213.59.245,IPv4,cobalt_strike
154.213.59.246,IPv4,cobalt_strike
154.213.59.247,IPv4,cobalt_strike
154.213.59.248,IPv4,cobalt_strike
154.213.59.249,IPv4,cobalt_strike
154.213.59.250,IPv4,cobalt_strike
154.213.59.251,IPv4,cobalt_strike
154.213.59.252,IPv4,cobalt_strike
154.213.59.253,IPv4,cobalt_strike
154.213.59.254,IPv4,cobalt_strike
154.216.54.193,IPv4,cobalt_strike
154.216.54.194,IPv4,cobalt_strike
154.216.54.195,IPv4,cobalt_strike
154.216.54.196,IPv4,cobalt_strike
154.216.54.197,IPv4,cobalt_strike
154.216.54.198,IPv4,cobalt_strike
154.216.54.199,IPv4,cobalt_strike
154.216.54.200,IPv4,cobalt_strike
154.216.54.201,IPv4,cobalt_strike
154.216.54.202,IPv4,cobalt_strike
154.216.54.203,IPv4,cobalt_strike
154.216.54.204,IPv4,cobalt_strike
154.216.54.205,IPv4,cobalt_strike
154.216.54.206,IPv4,cobalt_strike
154.216.54.207,IPv4,cobalt_strike
154.216.54.208,IPv4,cobalt_strike
154.216.54.209,IPv4,cobalt_strike
154.216.54.210,IPv4,cobalt_strike
154.216.54.211,IPv4,cobalt_strike
154.216.54.212,IPv4,cobalt_strike
154.216.54.213,IPv4,cobalt_strike
154.216.54.214,IPv4,cobalt_strike
154.216.54.215,IPv4,cobalt_strike
154.216.54.216,IPv4,cobalt_strike
154.216.54.217,IPv4,cobalt_strike
154.216.54.218,IPv4,cobalt_strike
154.216.54.219,IPv4,cobalt_strike
154.216.54.220,IPv4,cobalt_strike
154.216.54.221,IPv4,cobalt_strike
154.216.54.222,IPv4,cobalt_strike
154.216.54.223,IPv4,cobalt_strike
154.216.54.224,IPv4,cobalt_strike
154.216.54.225,IPv4,cobalt_strike
154.216.54.226,IPv4,cobalt_strike
154.216.54.227,IPv4,cobalt_strike
154.216.54.228,IPv4,cobalt_strike
154.216.54.229,IPv4,cobalt_strike
154.216.54.230,IPv4,cobalt_strike
154.216.54.231,IPv4,cobalt_strike
154.216.54.232,IPv4,cobalt_strike
154.216.54.233,IPv4,cobalt_strike
154.216.54.234,IPv4,cobalt_strike
154.216.54.235,IPv4,cobalt_strike
154.216.54.236,IPv4,cobalt_strike
154.216.54.237,IPv4,cobalt_strike
154.216.54.238,IPv4,cobalt_strike
154.216.54.239,IPv4,cobalt_strike
154.216.54.240,IPv4,cobalt_strike
154.216.54.241,IPv4,cobalt_strike
154.216.54.242,IPv4,cobalt_strike
154.216.54.243,IPv4,cobalt_strike
154.216.54.244,IPv4,cobalt_strike
154.216.54.245,IPv4,cobalt_strike
154.216.54.246,IPv4,cobalt_strike
154.216.54.247,IPv4,cobalt_strike
154.216.54.248,IPv4,cobalt_strike
154.216.54.249,IPv4,cobalt_strike
154.216.54.250,IPv4,cobalt_strike
154.216.54.251,IPv4,cobalt_strike
154.216.54.252,IPv4,cobalt_strike
154.216.54.253,IPv4,cobalt_strike
154.216.54.254,IPv4,cobalt_strike
154.216.55.193,IPv4,cobalt_strike
154.216.55.194,IPv4,cobalt_strike
154.216.55.195,IPv4,cobalt_strike
154.216.55.196,IPv4,cobalt_strike
154.216.55.197,IPv4,cobalt_strike
154.216.55.198,IPv4,cobalt_strike
154.216.55.199,IPv4,cobalt_strike
154.216.55.200,IPv4,cobalt_strike
154.216.55.201,IPv4,cobalt_strike
154.216.55.202,IPv4,cobalt_strike
154.216.55.203,IPv4,cobalt_strike
154.216.55.204,IPv4,cobalt_strike
154.216.55.205,IPv4,cobalt_strike
154.216.55.206,IPv4,cobalt_strike
154.216.55.207,IPv4,cobalt_strike
154.216.55.208,IPv4,cobalt_strike
154.216.55.209,IPv4,cobalt_strike
154.216.55.210,IPv4,cobalt_strike
154.216.55.211,IPv4,cobalt_strike
154.216.55.212,IPv4,cobalt_strike
154.216.55.213,IPv4,cobalt_strike
154.216.55.214,IPv4,cobalt_strike
154.216.55.215,IPv4,cobalt_strike
154.216.55.216,IPv4,cobalt_strike
154.216.55.217,IPv4,cobalt_strike
154.216.55.218,IPv4,cobalt_strike
154.216.55.219,IPv4,cobalt_strike
154.216.55.220,IPv4,cobalt_strike
154.216.55.221,IPv4,cobalt_strike
154.216.55.222,IPv4,cobalt_strike
154.216.55.223,IPv4,cobalt_strike
154.216.55.224,IPv4,cobalt_strike
154.216.55.225,IPv4,cobalt_strike
154.216.55.226,IPv4,cobalt_strike
154.216.55.227,IPv4,cobalt_strike
154.216.55.228,IPv4,cobalt_strike
154.216.55.229,IPv4,cobalt_strike
154.216.55.230,IPv4,cobalt_strike
154.216.55.231,IPv4,cobalt_strike
154.216.55.232,IPv4,cobalt_strike
154.216.55.233,IPv4,cobalt_strike
154.216.55.234,IPv4,cobalt_strike
154.216.55.235,IPv4,cobalt_strike
154.216.55.236,IPv4,cobalt_strike
154.216.55.237,IPv4,cobalt_strike
154.216.55.238,IPv4,cobalt_strike
154.216.55.239,IPv4,cobalt_strike
154.216.55.240,IPv4,cobalt_strike
154.216.55.241,IPv4,cobalt_strike
154.216.55.242,IPv4,cobalt_strike
154.216.55.243,IPv4,cobalt_strike
154.216.55.244,IPv4,cobalt_strike
154.216.55.245,IPv4,cobalt_strike
154.216.55.246,IPv4,cobalt_strike
154.216.55.247,IPv4,cobalt_strike
154.216.55.248,IPv4,cobalt_strike
154.216.55.249,IPv4,cobalt_strike
154.216.55.250,IPv4,cobalt_strike
154.216.55.251,IPv4,cobalt_strike
154.216.55.252,IPv4,cobalt_strike
154.216.55.253,IPv4,cobalt_strike
154.216.55.254,IPv4,cobalt_strike
158.85.208.141,IPv4,cobalt_strike
159.246.29.103,IPv4,cobalt_strike
159.246.29.120,IPv4,cobalt_strike
159.65.233.97,IPv4,cobalt_strike
159.65.53.246,IPv4,cobalt_strike
159.65.77.99,IPv4,cobalt_strike
159.89.163.42,IPv4,cobalt_strike
159.89.198.117,IPv4,cobalt_strike
159.89.202.113,IPv4,cobalt_strike
160.124.140.153,IPv4,cobalt_strike
160.124.236.218,IPv4,cobalt_strike
160.124.236.219,IPv4,cobalt_strike
160.124.236.220,IPv4,cobalt_strike
160.124.236.221,IPv4,cobalt_strike
160.124.236.222,IPv4,cobalt_strike
161.202.124.146,IPv4,cobalt_strike
165.227.88.137,IPv4,cobalt_strike
167.179.64.113,IPv4,cobalt_strike
167.179.88.31,IPv4,cobalt_strike
167.88.179.86,IPv4,cobalt_strike
167.88.180.233,IPv4,cobalt_strike
167.99.134.58,IPv4,cobalt_strike
167.99.188.115,IPv4,cobalt_strike
167.99.28.116,IPv4,cobalt_strike
167.99.40.117,IPv4,cobalt_strike
167.99.64.81,IPv4,cobalt_strike
167.99.70.45,IPv4,cobalt_strike
168.215.65.71,IPv4,cobalt_strike
168.235.98.150,IPv4,cobalt_strike
172.104.163.35,IPv4,cobalt_strike
172.104.178.169,IPv4,cobalt_strike
172.104.180.44,IPv4,cobalt_strike
172.245.184.199,IPv4,cobalt_strike
172.245.82.13,IPv4,cobalt_strike
172.96.227.95,IPv4,cobalt_strike
172.96.238.154,IPv4,cobalt_strike
173.248.242.157,IPv4,cobalt_strike
173.44.42.137,IPv4,cobalt_strike
173.82.105.129,IPv4,cobalt_strike
174.137.50.72,IPv4,cobalt_strike
174.138.2.114,IPv4,cobalt_strike
176.10.125.5,IPv4,cobalt_strike
176.107.184.177,IPv4,cobalt_strike
176.107.187.118,IPv4,cobalt_strike
176.122.166.91,IPv4,cobalt_strike
176.126.85.207,IPv4,cobalt_strike
176.31.193.24,IPv4,cobalt_strike
178.128.158.246,IPv4,cobalt_strike
178.128.196.198,IPv4,cobalt_strike
178.128.7.8,IPv4,cobalt_strike
178.128.87.73,IPv4,cobalt_strike
178.62.44.102,IPv4,cobalt_strike
178.62.77.137,IPv4,cobalt_strike
184.164.89.183,IPv4,cobalt_strike
184.171.250.187,IPv4,cobalt_strike
184.171.250.188,IPv4,cobalt_strike
185.144.83.112,IPv4,cobalt_strike
185.161.209.119,IPv4,cobalt_strike
185.183.96.77,IPv4,cobalt_strike
185.198.57.238,IPv4,cobalt_strike
185.20.185.18,IPv4,cobalt_strike
185.202.174.84,IPv4,cobalt_strike
185.202.174.91,IPv4,cobalt_strike
185.207.205.129,IPv4,cobalt_strike
185.207.205.130,IPv4,cobalt_strike
185.207.205.134,IPv4,cobalt_strike
185.236.202.151,IPv4,cobalt_strike
185.236.77.62,IPv4,cobalt_strike
185.239.226.19,IPv4,cobalt_strike
185.243.113.221,IPv4,cobalt_strike
185.248.103.100,IPv4,cobalt_strike
185.25.51.155,IPv4,cobalt_strike
185.29.9.155,IPv4,cobalt_strike
185.36.189.6,IPv4,cobalt_strike
185.36.191.0,IPv4,cobalt_strike
185.61.148.69,IPv4,cobalt_strike
185.61.149.8,IPv4,cobalt_strike
185.62.190.112,IPv4,cobalt_strike
185.82.202.109,IPv4,cobalt_strike
185.86.149.129,IPv4,cobalt_strike
188.166.255.227,IPv4,cobalt_strike
188.65.73.110,IPv4,cobalt_strike
188.65.74.60,IPv4,cobalt_strike
191.232.211.168,IPv4,cobalt_strike
191.252.113.123,IPv4,cobalt_strike
192.154.105.21,IPv4,cobalt_strike
192.225.226.15,IPv4,cobalt_strike
192.241.146.155,IPv4,cobalt_strike
192.241.210.14,IPv4,cobalt_strike
192.52.167.130,IPv4,cobalt_strike
192.81.135.190,IPv4,cobalt_strike
193.228.53.78,IPv4,cobalt_strike
193.37.213.52,IPv4,cobalt_strike
195.123.209.106,IPv4,cobalt_strike
195.144.21.161,IPv4,cobalt_strike
198.199.81.198,IPv4,cobalt_strike
198.23.235.216,IPv4,cobalt_strike
198.23.235.218,IPv4,cobalt_strike
198.46.138.98,IPv4,cobalt_strike
198.50.234.111,IPv4,cobalt_strike
198.71.58.92,IPv4,cobalt_strike
203.114.73.61,IPv4,cobalt_strike
203.43.95.165,IPv4,cobalt_strike
204.13.201.161,IPv4,cobalt_strike
204.13.201.163,IPv4,cobalt_strike
206.189.191.112,IPv4,cobalt_strike
206.189.45.137,IPv4,cobalt_strike
206.189.74.10,IPv4,cobalt_strike
207.148.12.47,IPv4,cobalt_strike
207.148.121.50,IPv4,cobalt_strike
207.148.19.136,IPv4,cobalt_strike
207.154.235.230,IPv4,cobalt_strike
207.219.199.101,IPv4,cobalt_strike
207.246.104.231,IPv4,cobalt_strike
207.246.95.196,IPv4,cobalt_strike
209.250.224.171,IPv4,cobalt_strike
210.3.176.43,IPv4,cobalt_strike
210.3.176.44,IPv4,cobalt_strike
210.5.172.6,IPv4,cobalt_strike
211.174.49.229,IPv4,cobalt_strike
211.43.196.32,IPv4,cobalt_strike
212.86.114.74,IPv4,cobalt_strike
213.86.150.242,IPv4,cobalt_strike
216.250.97.10,IPv4,cobalt_strike
216.250.97.150,IPv4,cobalt_strike
216.250.97.207,IPv4,cobalt_strike
216.85.161.224,IPv4,cobalt_strike
216.85.161.243,IPv4,cobalt_strike
217.12.208.13,IPv4,cobalt_strike
217.69.4.204,IPv4,cobalt_strike
219.235.3.182,IPv4,cobalt_strike
23.105.203.158,IPv4,cobalt_strike
23.105.220.10,IPv4,cobalt_strike
23.105.221.34,IPv4,cobalt_strike
23.106.215.179,IPv4,cobalt_strike
23.106.223.127,IPv4,cobalt_strike
23.152.0.123,IPv4,cobalt_strike
23.236.75.202,IPv4,cobalt_strike
23.252.107.194,IPv4,cobalt_strike
23.83.231.153,IPv4,cobalt_strike
23.83.242.51,IPv4,cobalt_strike
23.94.62.134,IPv4,cobalt_strike
23.95.182.62,IPv4,cobalt_strike
23.96.97.232,IPv4,cobalt_strike
27.102.128.36,IPv4,cobalt_strike
27.255.79.37,IPv4,cobalt_strike
31.207.47.33,IPv4,cobalt_strike
31.207.47.34,IPv4,cobalt_strike
31.220.43.11,IPv4,cobalt_strike
35.188.236.209,IPv4,cobalt_strike
35.199.41.83,IPv4,cobalt_strike
35.201.238.69,IPv4,cobalt_strike
35.220.209.206,IPv4,cobalt_strike
35.227.181.98,IPv4,cobalt_strike
35.236.125.18,IPv4,cobalt_strike
35.236.182.209,IPv4,cobalt_strike
35.236.199.75,IPv4,cobalt_strike
35.236.69.54,IPv4,cobalt_strike
35.243.174.84,IPv4,cobalt_strike
36.110.231.213,IPv4,cobalt_strike
37.120.140.134,IPv4,cobalt_strike
37.120.146.26,IPv4,cobalt_strike
37.139.21.140,IPv4,cobalt_strike
37.139.27.194,IPv4,cobalt_strike
37.220.31.92,IPv4,cobalt_strike
37.220.31.93,IPv4,cobalt_strike
37.59.109.58,IPv4,cobalt_strike
39.107.236.42,IPv4,cobalt_strike
39.108.167.47,IPv4,cobalt_strike
39.109.17.201,IPv4,cobalt_strike
39.109.3.237,IPv4,cobalt_strike
39.109.5.223,IPv4,cobalt_strike
39.96.202.234,IPv4,cobalt_strike
4.16.101.219,IPv4,cobalt_strike
40.127.177.193,IPv4,cobalt_strike
40.73.35.39,IPv4,cobalt_strike
42.99.116.139,IPv4,cobalt_strike
43.252.120.51,IPv4,cobalt_strike
43.254.217.158,IPv4,cobalt_strike
45.118.132.158,IPv4,cobalt_strike
45.123.197.146,IPv4,cobalt_strike
45.123.197.38,IPv4,cobalt_strike
45.249.245.50,IPv4,cobalt_strike
45.32.103.230,IPv4,cobalt_strike
45.32.111.57,IPv4,cobalt_strike
45.32.20.146,IPv4,cobalt_strike
45.32.206.91,IPv4,cobalt_strike
45.32.214.201,IPv4,cobalt_strike
45.32.227.101,IPv4,cobalt_strike
45.32.24.34,IPv4,cobalt_strike
45.32.41.117,IPv4,cobalt_strike
45.32.56.132,IPv4,cobalt_strike
45.32.94.61,IPv4,cobalt_strike
45.33.5.69,IPv4,cobalt_strike
45.35.251.20,IPv4,cobalt_strike
45.56.115.19,IPv4,cobalt_strike
45.63.121.57,IPv4,cobalt_strike
45.63.65.113,IPv4,cobalt_strike
45.76.105.56,IPv4,cobalt_strike
45.76.146.75,IPv4,cobalt_strike
45.76.187.236,IPv4,cobalt_strike
45.76.193.100,IPv4,cobalt_strike
45.76.207.18,IPv4,cobalt_strike
45.76.24.49,IPv4,cobalt_strike
45.76.36.103,IPv4,cobalt_strike
45.76.7.51,IPv4,cobalt_strike
45.77.13.250,IPv4,cobalt_strike
45.77.162.21,IPv4,cobalt_strike
45.77.171.122,IPv4,cobalt_strike
45.77.172.132,IPv4,cobalt_strike
45.77.208.49,IPv4,cobalt_strike
45.77.23.209,IPv4,cobalt_strike
45.77.237.44,IPv4,cobalt_strike
45.77.24.247,IPv4,cobalt_strike
45.77.47.51,IPv4,cobalt_strike
45.78.45.82,IPv4,cobalt_strike
45.78.77.44,IPv4,cobalt_strike
45.79.107.110,IPv4,cobalt_strike
46.101.205.178,IPv4,cobalt_strike
46.101.66.194,IPv4,cobalt_strike
46.101.99.84,IPv4,cobalt_strike
46.126.236.2,IPv4,cobalt_strike
46.166.161.135,IPv4,cobalt_strike
46.166.161.75,IPv4,cobalt_strike
46.166.173.109,IPv4,cobalt_strike
46.183.219.103,IPv4,cobalt_strike
46.183.219.178,IPv4,cobalt_strike
46.255.211.20,IPv4,cobalt_strike
47.100.192.146,IPv4,cobalt_strike
47.100.244.87,IPv4,cobalt_strike
47.106.84.72,IPv4,cobalt_strike
47.107.244.98,IPv4,cobalt_strike
47.244.1.172,IPv4,cobalt_strike
47.244.26.70,IPv4,cobalt_strike
47.244.45.245,IPv4,cobalt_strike
47.74.48.82,IPv4,cobalt_strike
47.75.107.1,IPv4,cobalt_strike
47.75.151.154,IPv4,cobalt_strike
47.75.204.212,IPv4,cobalt_strike
47.75.55.181,IPv4,cobalt_strike
5.8.51.104,IPv4,cobalt_strike
50.116.10.188,IPv4,cobalt_strike
50.116.18.198,IPv4,cobalt_strike
50.116.26.72,IPv4,cobalt_strike
51.255.42.170,IPv4,cobalt_strike
52.166.232.140,IPv4,cobalt_strike
54.36.232.247,IPv4,cobalt_strike
54.36.42.250,IPv4,cobalt_strike
58.64.193.218,IPv4,cobalt_strike
59.188.133.34,IPv4,cobalt_strike
62.119.24.133,IPv4,cobalt_strike
62.210.136.65,IPv4,cobalt_strike
62.253.169.206,IPv4,cobalt_strike
64.140.150.169,IPv4,cobalt_strike
65.49.221.49,IPv4,cobalt_strike
65.49.227.228,IPv4,cobalt_strike
66.228.135.203,IPv4,cobalt_strike
66.228.48.100,IPv4,cobalt_strike
66.228.54.60,IPv4,cobalt_strike
66.42.80.98,IPv4,cobalt_strike
66.85.157.66,IPv4,cobalt_strike
66.85.157.73,IPv4,cobalt_strike
66.98.126.203,IPv4,cobalt_strike
67.216.200.240,IPv4,cobalt_strike
67.218.155.13,IPv4,cobalt_strike
67.229.175.5,IPv4,cobalt_strike
68.183.109.234,IPv4,cobalt_strike
69.171.77.234,IPv4,cobalt_strike
69.20.94.68,IPv4,cobalt_strike
70.168.249.162,IPv4,cobalt_strike
72.14.181.222,IPv4,cobalt_strike
74.120.173.145,IPv4,cobalt_strike
74.121.149.84,IPv4,cobalt_strike
77.81.7.90,IPv4,cobalt_strike
79.143.87.227,IPv4,cobalt_strike
8.12.16.78,IPv4,cobalt_strike
80.151.40.92,IPv4,cobalt_strike
80.153.76.217,IPv4,cobalt_strike
80.211.203.208,IPv4,cobalt_strike
80.255.3.79,IPv4,cobalt_strike
80.255.3.86,IPv4,cobalt_strike
81.169.179.225,IPv4,cobalt_strike
81.17.30.215,IPv4,cobalt_strike
81.17.30.40,IPv4,cobalt_strike
84.38.134.198,IPv4,cobalt_strike
87.187.144.72,IPv4,cobalt_strike
89.105.194.236,IPv4,cobalt_strike
89.144.25.94,IPv4,cobalt_strike
89.144.25.95,IPv4,cobalt_strike
89.144.25.96,IPv4,cobalt_strike
89.187.201.70,IPv4,cobalt_strike
89.46.86.183,IPv4,cobalt_strike
91.15.75.77,IPv4,cobalt_strike
91.196.70.11,IPv4,cobalt_strike
91.219.238.234,IPv4,cobalt_strike
91.243.80.38,IPv4,cobalt_strike
92.208.121.67,IPv4,cobalt_strike
93.95.100.171,IPv4,cobalt_strike
94.102.52.241,IPv4,cobalt_strike
94.140.116.14,IPv4,cobalt_strike
94.140.116.184,IPv4,cobalt_strike
94.156.133.129,IPv4,cobalt_strike
94.156.133.145,IPv4,cobalt_strike
94.156.133.98,IPv4,cobalt_strike
95.163.192.75,IPv4,cobalt_strike
95.179.212.50,IPv4,cobalt_strike
96.126.100.115,IPv4,cobalt_strike
96.126.113.73,IPv4,cobalt_strike
96.126.114.14,IPv4,cobalt_strike
97.64.18.147,IPv4,cobalt_strike
98.142.130.22,IPv4,cobalt_strike
